"item_id","raw_id","user_id","item_index","pose_type","bbox","white_image_url","image_status","image_latest_execution_id","image_attempts","fields_json","fields_status","fields_latest_execution_id","fields_attempts","item_status","created_at","updated_at"
"a90d5a4d-ae6b-43c9-9049-53bb241d8735","13222f28-67fc-4928-a39e-4aed4b7bac6d","fc069edc-8a9b-52dc-a74f-59cf44ed568f","0","unknown",,,"pending",,"0",,"not_started",,"0","pending","19/5/2026 11:17:32.495937+00","19/5/2026 11:17:32.495937+00"
"446680b5-3687-4d86-af01-d1851df6a6c4","e14af4c5-26a4-40c3-9d9c-f45c747bd268","fc069edc-8a9b-52dc-a74f-59cf44ed568f","0","unknown",,,"pending",,"0",,"not_started",,"0","pending","19/5/2026 11:17:32.084999+00","19/5/2026 11:17:32.084999+00"
"a0b8f295-6b01-4a1d-8a4d-a041b23b9817","66f85112-30e1-461e-b7d1-6902e0b61503","fc069edc-8a9b-52dc-a74f-59cf44ed568f","0","unknown",,,"pending",,"0",,"not_started",,"0","pending","19/5/2026 11:17:31.168015+00","19/5/2026 11:17:31.168015+00"
"16725823-c7d9-4d06-881d-9acd555e9df7","ca3debf0-2dce-4b9c-9e83-417b8ae0e02d","fc069edc-8a9b-52dc-a74f-59cf44ed568f","0","unknown",,,"pending",,"0",,"not_started",,"0","pending","19/5/2026 11:17:30.204044+00","19/5/2026 11:17:30.204044+00"
"5d8d87a4-67de-4949-9cdd-2b48362528fc","b563006f-399e-40a8-baed-d4a39c7792ab","fc069edc-8a9b-52dc-a74f-59cf44ed568f","0","unknown",,,"pending",,"0",,"not_started",,"0","pending","19/5/2026 11:17:29.720054+00","19/5/2026 11:17:29.720054+00"
"0bcde661-0671-46f2-97c4-0d0c6b124659","aa0ac1d6-8446-425b-b821-5d483a1a0e02","fc069edc-8a9b-52dc-a74f-59cf44ed568f","0","unknown",,,"running",,"0",,"not_started",,"0","pending","19/5/2026 11:17:25.676206+00","19/5/2026 11:21:14.093659+00"
"2de9b82a-15f3-4072-a132-354e8397fce8","9021f8ef-99f1-433f-b122-6af334114941","fc069edc-8a9b-52dc-a74f-59cf44ed568f","0","unknown",,,"running",,"0",,"not_started",,"0","processing","19/5/2026 11:17:17.190974+00","19/5/2026 11:21:14.089047+00"
"54cf9317-8504-4ba9-9655-d3ec9e2d2184","71074ff2-4080-4a55-b752-1fb91dc4608b","fc069edc-8a9b-52dc-a74f-59cf44ed568f","0","unknown",,,"running",,"0",,"not_started",,"0","processing","19/5/2026 11:17:16.812909+00","19/5/2026 11:21:14.084627+00"
"67c33856-6483-4f6b-a0e9-e5f755c24355","4a4c9bbb-3651-4154-8e1a-80e6452f456b","fc069edc-8a9b-52dc-a74f-59cf44ed568f","0","unknown",,,"running",,"0",,"not_started",,"0","processing","19/5/2026 11:17:16.484826+00","19/5/2026 11:20:47.513408+00"
"d86685fa-61aa-436c-910f-57047a913595","02e59be2-5d17-465c-8031-58f502b22bb8","fc069edc-8a9b-52dc-a74f-59cf44ed568f","0","unknown",,,"running",,"0",,"not_started",,"0","processing","19/5/2026 11:17:16.15606+00","19/5/2026 11:20:47.509166+00"
"bd5904a8-a6ae-4c10-bc81-ffad03fd9a6f","8d8e712c-b57c-4331-b963-291ecf190bb4","fc069edc-8a9b-52dc-a74f-59cf44ed568f","0","unknown",,,"running",,"0",,"not_started",,"0","processing","19/5/2026 11:17:15.766977+00","19/5/2026 11:20:47.504379+00"
"1657df03-7e75-4b39-a5de-5ac6ee637081","d9432b53-afad-4a3e-8870-1c5876826d98","fc069edc-8a9b-52dc-a74f-59cf44ed568f","0","unknown",,,"running",,"0",,"not_started",,"0","processing","19/5/2026 11:17:15.416575+00","19/5/2026 11:20:47.499983+00"
"6262d830-f629-4922-9d0b-0f83996a6cf9","8a8020f3-6472-4ee4-b320-f78ee8cd07ea","fc069edc-8a9b-52dc-a74f-59cf44ed568f","0","unknown",,"file:///mnt/nas/ootd-data/users/fc069edc-8a9b-52dc-a74f-59cf44ed568f/whites/6262d830-f629-4922-9d0b-0f83996a6cf9_a1.png","succeeded","2ab3521d-d6db-4188-ae8e-e3fb8571db3c","1","{""fit"": ""不适用"", ""type"": ""其他"", ""color"": [""黑色"", ""金色"", ""琥珀色""], ""image"": """", ""style"": [""复古"", ""极简"", ""街头""], ""season"": [""春"", ""夏"", ""秋"", ""冬""], ""warmth"": ""不适用"", ""category"": ""配件"", ""material"": ""厚板材镜框，光泽感镜面，硬挺质感"", ""raw_type"": ""黑色飞行员款太阳镜"", ""description"": ""黑色宽框飞行员太阳镜，琥珀色镜片，镜腿带金属细节""}","succeeded","d1e020d2-a20e-4ecf-8f5b-a4ad8a11703b","1","ready","19/5/2026 11:17:11.521117+00","19/5/2026 11:21:14.067868+00"
"1f3b95dc-0039-4ad8-93ff-310d765b129d","68618da6-50cb-426a-9e8f-76fcd746435a","fc069edc-8a9b-52dc-a74f-59cf44ed568f","0","unknown",,"file:///mnt/nas/ootd-data/users/fc069edc-8a9b-52dc-a74f-59cf44ed568f/whites/1f3b95dc-0039-4ad8-93ff-310d765b129d_a1.png","succeeded","a761862d-2aa4-4dfd-b8c9-01e9bf4d4c17","1","{""fit"": ""不适用"", ""type"": ""其他"", ""color"": [""粉色"", ""浅蓝"", ""米白""], ""image"": """", ""style"": [""甜美"", ""法式"", ""优雅""], ""season"": [""春"", ""夏"", ""秋""], ""warmth"": ""不适用"", ""category"": ""配件"", ""material"": ""缎面丝感面料，表面细腻光泽，轻薄柔软"", ""raw_type"": ""粉蓝拼色印花发圈"", ""description"": ""粉蓝拼色缎面印花发圈，金色包边设计，丝滑轻盈质感""}","succeeded","80cf521e-a5b5-4607-8ac8-7fac5659166f","1","ready","19/5/2026 11:16:01.057983+00","19/5/2026 11:20:47.490143+00"
"9a0640e6-38d5-4b94-b8ae-c8c5676a93bb","737bac2e-5419-441f-b47e-83ceb5b26622","fc069edc-8a9b-52dc-a74f-59cf44ed568f","0","unknown",,"file:///mnt/nas/ootd-data/users/fc069edc-8a9b-52dc-a74f-59cf44ed568f/whites/9a0640e6-38d5-4b94-b8ae-c8c5676a93bb_a1.png","succeeded","2772e6de-5ddc-45d4-9d5b-2d9d1ed7a963","1","{""fit"": ""不适用"", ""type"": ""其他"", ""color"": [""豹纹棕"", ""黑色""], ""image"": """", ""style"": [""复古"", ""性感"", ""港风""], ""season"": [""春"", ""夏"", ""秋"", ""冬""], ""warmth"": ""不适用"", ""category"": ""配件"", ""material"": ""轻薄化纤缎面，边缘包边处理，柔软有光泽"", ""raw_type"": ""豹纹大蝴蝶结发饰"", ""description"": ""豹纹大蝴蝶结发饰，缎面光泽感面料，造型夸张吸睛""}","succeeded","7a107d5c-8cde-4cc9-a536-73a31852f1c4","1","ready","19/5/2026 11:16:00.633362+00","19/5/2026 11:20:26.65064+00"
"13a5da04-3e78-4032-8e98-4e94b72d628e","fb580654-c231-4143-b544-9e3d98a5073f","fc069edc-8a9b-52dc-a74f-59cf44ed568f","0","unknown",,"file:///mnt/nas/ootd-data/users/fc069edc-8a9b-52dc-a74f-59cf44ed568f/whites/13a5da04-3e78-4032-8e98-4e94b72d628e_a1.png","succeeded","10d575e7-cf46-4043-b4f9-7acecfd2a09a","1","{""fit"": ""不适用"", ""type"": ""围巾"", ""color"": [""米黄色"", ""黑色波点""], ""image"": """", ""style"": [""法式"", ""优雅"", ""复古""], ""season"": [""春"", ""夏"", ""秋""], ""warmth"": ""薄"", ""category"": ""配件"", ""material"": ""轻薄透明纱质面料，柔软飘逸，带轻微光泽感"", ""raw_type"": ""米黄色黑波点薄纱围巾"", ""description"": ""米黄色黑色波点薄纱围巾，轻盈透明质感，法式复古风格""}","succeeded","0b49e219-8892-4a25-a22e-aa06a1accc47","1","ready","19/5/2026 11:16:00.063059+00","19/5/2026 11:20:28.845473+00"
"76ceb552-15ab-43f3-959a-ae667626a282","04d32bad-025b-4f63-944c-98032bbd9f64","fc069edc-8a9b-52dc-a74f-59cf44ed568f","0","unknown",,"file:///mnt/nas/ootd-data/users/fc069edc-8a9b-52dc-a74f-59cf44ed568f/whites/76ceb552-15ab-43f3-959a-ae667626a282_a1.png","succeeded","f1867c39-7e2d-471a-b60d-df7137f57177","1",,"running",,"0","processing","19/5/2026 11:15:59.748155+00","19/5/2026 11:20:38.732438+00"
"48a736ca-77a9-4360-b4e8-565f8e8eb363","f8a583a9-d0c4-4212-a1ee-3da065b0a809","fc069edc-8a9b-52dc-a74f-59cf44ed568f","0","unknown",,"file:///mnt/nas/ootd-data/users/fc069edc-8a9b-52dc-a74f-59cf44ed568f/whites/48a736ca-77a9-4360-b4e8-565f8e8eb363_a1.png","succeeded","625bfe02-16d7-495e-8683-5f5123ae8a95","1",,"running",,"0","processing","19/5/2026 11:15:58.868256+00","19/5/2026 11:20:38.722009+00"
"86a52ddd-3df7-4af9-a49d-3cac419015fd","0c7cf32d-32db-4bfc-96fa-ed14f0469011","fc069edc-8a9b-52dc-a74f-59cf44ed568f","0","unknown",,"file:///mnt/nas/ootd-data/users/fc069edc-8a9b-52dc-a74f-59cf44ed568f/whites/86a52ddd-3df7-4af9-a49d-3cac419015fd_a1.png","succeeded","c275c97b-c444-421b-9302-82092a033cb3","1","{""fit"": ""宽松"", ""type"": ""半身裙"", ""color"": [""白底黑色波点""], ""image"": """", ""style"": [""甜美"", ""法式"", ""复古""], ""season"": [""春"", ""夏""], ""warmth"": ""薄"", ""category"": ""下装"", ""material"": ""轻薄化纤面料，压纹肌理，蓬松廓形"", ""raw_type"": ""白底黑色波点蓬蓬半身裙"", ""description"": ""白底黑色波点半身裙，蓬松灯笼裙摆，轻薄压纹面料""}","succeeded","cc2b3c27-5a0b-4193-b232-38e40c21b236","1","ready","19/5/2026 11:15:58.423163+00","19/5/2026 11:20:38.713455+00"
"48eb3b84-c5d9-413f-85f0-ddb398aacb71","c1062ccb-69ae-42fc-bb27-32ca221227dc","fc069edc-8a9b-52dc-a74f-59cf44ed568f","0","unknown",,"file:///mnt/nas/ootd-data/users/fc069edc-8a9b-52dc-a74f-59cf44ed568f/whites/48eb3b84-c5d9-413f-85f0-ddb398aacb71_a1.png","succeeded","3fcc1c1e-2836-43c3-a70b-607df70c2980","1","{""fit"": ""不适用"", ""type"": ""围巾"", ""color"": [""深蓝"", ""白色条纹""], ""image"": """", ""style"": [""休闲"", ""复古"", ""学院"", ""日系""], ""season"": [""春"", ""夏"", ""秋""], ""warmth"": ""薄"", ""category"": ""配件"", ""material"": ""棉质梭织面料，轻薄柔软，带有格纹与条纹拼接"", ""raw_type"": ""蓝白格纹拼接方巾"", ""description"": ""蓝白格纹拼接方巾，轻薄棉质面料，带复古学院风细节""}","succeeded","49cc4df6-e9ab-462e-b595-433a3217a7f8","1","ready","19/5/2026 11:15:56.826132+00","19/5/2026 11:20:42.031247+00"
"5338cd61-4f6d-4c40-9be5-5a4e3dcc8aad","24e8952f-0c35-4438-ac58-6f527afbf72e","fc069edc-8a9b-52dc-a74f-59cf44ed568f","0","unknown",,"file:///mnt/nas/ootd-data/users/fc069edc-8a9b-52dc-a74f-59cf44ed568f/whites/5338cd61-4f6d-4c40-9be5-5a4e3dcc8aad_a1.png","succeeded","5f964079-6654-4704-af6c-190ea9b8619e","1","{""fit"": ""不适用"", ""type"": ""围巾"", ""color"": [""红色""], ""image"": """", ""style"": [""极简"", ""韩系"", ""通勤""], ""season"": [""秋"", ""冬""], ""warmth"": ""厚"", ""category"": ""配件"", ""material"": ""毛呢质感面料，表面细密绒感，厚实柔软"", ""raw_type"": ""红色三角毛呢围巾"", ""description"": ""红色三角造型围巾，毛呢绒感面料，厚实保暖""}","succeeded","232f8519-e71d-4ac2-ade4-a67f3c55280c","1","ready","19/5/2026 11:13:43.224453+00","19/5/2026 11:17:17.802725+00"
"e9d4a07d-bc09-4757-ba9a-cf8bbff5e3fa","742c6e50-b54a-4373-889e-5c10e662f11f","fc069edc-8a9b-52dc-a74f-59cf44ed568f","0","unknown",,"file:///mnt/nas/ootd-data/users/fc069edc-8a9b-52dc-a74f-59cf44ed568f/whites/e9d4a07d-bc09-4757-ba9a-cf8bbff5e3fa_a1.png","succeeded","50355de4-7250-402c-91b8-56fcef51fd16","1","{""fit"": ""不适用"", ""type"": ""围巾"", ""color"": [""蓝色"", ""棕色"", ""白色""], ""image"": """", ""style"": [""休闲"", ""复古"", ""学院""], ""season"": [""秋"", ""冬""], ""warmth"": ""不适用"", ""category"": ""配件"", ""material"": ""毛绒织物，格纹纹理，柔软厚实"", ""raw_type"": ""蓝色格纹流苏围巾"", ""description"": ""蓝色格纹流苏围巾，毛绒质感，复古学院风""}","succeeded","d44805ac-649e-4a68-9010-9a76b373a83c","1","ready","19/5/2026 11:13:41.665601+00","19/5/2026 11:17:40.115741+00"
"068c9fb0-9344-4ccf-83cf-518150ab637a","5d5b66e5-2a64-4735-bb07-0c981ad74817","fc069edc-8a9b-52dc-a74f-59cf44ed568f","0","unknown",,"file:///mnt/nas/ootd-data/users/fc069edc-8a9b-52dc-a74f-59cf44ed568f/whites/068c9fb0-9344-4ccf-83cf-518150ab637a_a1.png","succeeded","60ecad2d-7240-4923-864b-6a5fcbc4209f","1","{""fit"": ""不适用"", ""type"": ""其他"", ""color"": [""橄榄绿""], ""image"": """", ""style"": [""休闲"", ""田园""], ""season"": [""春"", ""秋"", ""冬""], ""warmth"": ""不适用"", ""category"": ""配件"", ""material"": ""毛绒化纤，粗糙卷曲纹理，厚实有质感"", ""raw_type"": ""橄榄绿三角毛绒布片"", ""description"": ""橄榄绿色三角布片，毛绒卷曲纹理，厚实质感""}","succeeded","93a910da-49cf-4f47-9e16-7b718c61c403","1","ready","19/5/2026 11:13:22.858831+00","19/5/2026 11:16:58.409868+00"
"3c398461-33d7-4fe6-ae2a-a4d822858464","25e3b03e-2e43-488d-a658-ae6d8c96fbf4","fc069edc-8a9b-52dc-a74f-59cf44ed568f","0","unknown",,"file:///mnt/nas/ootd-data/users/fc069edc-8a9b-52dc-a74f-59cf44ed568f/whites/3c398461-33d7-4fe6-ae2a-a4d822858464_a1.png","succeeded","e758bdb3-ae2f-4ae0-aa74-9d03b6bb191c","1","{""fit"": ""不适用"", ""type"": ""围巾"", ""color"": [""米白"", ""深棕""], ""image"": """", ""style"": [""民族"", ""度假"", ""复古""], ""season"": [""春"", ""秋"", ""冬""], ""warmth"": ""中等"", ""category"": ""配件"", ""material"": ""绒面混纺材质，表面柔软细腻，轻薄保暖"", ""raw_type"": ""米白色民族纹样方巾"", ""description"": ""米白色民族佩斯利花纹方巾，绒面质感，深棕边框装饰""}","succeeded","84373f9c-4f91-4c4c-a100-7ce06f3f2070","1","ready","19/5/2026 11:13:17.116783+00","19/5/2026 11:17:01.255702+00"
"7e237427-2dbf-4a3e-93fb-c1537b33643b","616b1fc3-9bff-406f-823d-d2bad82c9db6","fc069edc-8a9b-52dc-a74f-59cf44ed568f","0","unknown",,"file:///mnt/nas/ootd-data/users/fc069edc-8a9b-52dc-a74f-59cf44ed568f/whites/7e237427-2dbf-4a3e-93fb-c1537b33643b_a1.png","succeeded","28f7fca2-f98b-44eb-97d0-b58e8c36235b","1","{""fit"": ""宽松"", ""type"": ""半身裙"", ""color"": [""灰底黑色豹纹""], ""image"": """", ""style"": [""休闲"", ""街头""], ""season"": [""春"", ""夏""], ""warmth"": ""薄"", ""category"": ""下装"", ""material"": ""雪纺面料，轻薄透气，垂感飘逸"", ""raw_type"": ""灰底黑色豹纹雪纺半身裙"", ""description"": ""灰底黑色豹纹雪纺半身裙，轻薄垂感，宽松飘逸""}","succeeded","d89eccac-b6ea-4385-8620-ef36240e0cdc","1","ready","19/5/2026 11:13:03.23436+00","19/5/2026 11:16:38.529816+00"
"5126e784-8b0c-4348-8018-34397d33fb92","01bee52a-d21f-4b49-b4dc-5c5bc634eba9","fc069edc-8a9b-52dc-a74f-59cf44ed568f","0","unknown",,"file:///mnt/nas/ootd-data/users/fc069edc-8a9b-52dc-a74f-59cf44ed568f/whites/5126e784-8b0c-4348-8018-34397d33fb92_a1.png","succeeded","e9d8fd0d-b2ea-49b3-826f-3ae2a5d85f0a","1",,"failed_retryable",,"1","processing","19/5/2026 11:13:02.662831+00","19/5/2026 11:21:06.792957+00"
"4d631222-9947-4de2-95b4-38bc7bce2687","7b0fd601-ab78-4ded-a94d-2c2cd55147e1","fc069edc-8a9b-52dc-a74f-59cf44ed568f","0","unknown",,"file:///mnt/nas/ootd-data/users/fc069edc-8a9b-52dc-a74f-59cf44ed568f/whites/4d631222-9947-4de2-95b4-38bc7bce2687_a1.png","succeeded","2e69e20a-6e76-4b6e-a436-c74c0d2f9407","1","{""fit"": ""不适用"", ""type"": ""围巾"", ""color"": [""黑色"", ""米白"", ""深棕""], ""image"": """", ""style"": [""复古"", ""街头"", ""韩系""], ""season"": [""秋"", ""冬""], ""warmth"": ""厚"", ""category"": ""配件"", ""material"": ""毛绒感针织面料，蓬松柔软，带流苏细节"", ""raw_type"": ""豹纹拼接流苏围巾"", ""description"": ""黑白豹纹拼接长款围巾，毛绒针织质感，尾部带流苏""}","succeeded","08f3c8cf-5577-4396-8b57-0686958db5f4","1","ready","19/5/2026 11:13:01.890076+00","19/5/2026 11:16:52.707923+00"
"8e84a7ad-d44f-47b9-afec-2b2aaa7ebd11","acd72e65-d12d-4d77-b9f4-94ee763ea4af","fc069edc-8a9b-52dc-a74f-59cf44ed568f","0","unknown",,"file:///mnt/nas/ootd-data/users/fc069edc-8a9b-52dc-a74f-59cf44ed568f/whites/8e84a7ad-d44f-47b9-afec-2b2aaa7ebd11_a1.png","succeeded","5bbb1403-0653-43a6-bdce-bde054cdbc62","1","{""fit"": ""不适用"", ""type"": ""围巾"", ""color"": [""米白""], ""image"": """", ""style"": [""休闲"", ""极简"", ""日系""], ""season"": [""秋"", ""冬""], ""warmth"": ""不适用"", ""category"": ""配件"", ""material"": ""毛绒混纺，粗糙卷曲纹理，厚实柔软"", ""raw_type"": ""米白色粗纹长围巾"", ""description"": ""米白色长围巾，粗纹毛绒质感，厚实柔软""}","succeeded","3c694e03-72b8-4344-8635-a51d303a20e6","1","ready","19/5/2026 11:12:59.597007+00","19/5/2026 11:16:31.424858+00"
"2a668738-08ea-4a79-afbc-46d7650be77e","1bc59c95-6ec4-4004-86db-b54587cce692","fc069edc-8a9b-52dc-a74f-59cf44ed568f","0","unknown",,"file:///mnt/nas/ootd-data/users/fc069edc-8a9b-52dc-a74f-59cf44ed568f/whites/2a668738-08ea-4a79-afbc-46d7650be77e_a1.png","succeeded","2a5b5416-185b-4a42-97e0-c731f20600a4","1","{""fit"": ""常规"", ""type"": ""帽子"", ""color"": [""米白色""], ""image"": """", ""style"": [""休闲"", ""日系"", ""极简""], ""season"": [""秋"", ""冬""], ""warmth"": ""厚"", ""category"": ""配件"", ""material"": ""粗针织棉线质感，立体罗纹编织，手感厚实柔软"", ""raw_type"": ""米白色针织翻边毛线帽"", ""description"": ""米白色粗针织翻边毛线帽，立体罗纹纹理，厚实保暖质感""}","succeeded","eb5bab90-c2bc-425f-8c55-c803b604840b","1","ready","19/5/2026 11:07:13.199186+00","19/5/2026 11:11:15.76387+00"
"82eabcf8-9b6d-4920-8c11-4812c60bdcd8","49f0ab9a-6bb9-48ae-b951-893ca9fa748d","fc069edc-8a9b-52dc-a74f-59cf44ed568f","0","unknown",,"file:///mnt/nas/ootd-data/users/fc069edc-8a9b-52dc-a74f-59cf44ed568f/whites/82eabcf8-9b6d-4920-8c11-4812c60bdcd8_a2.png","succeeded","078aa4e8-4bd7-43e3-ae63-676292f31fbf","2","{""fit"": ""不适用"", ""type"": ""帽子"", ""color"": [""米色"", ""卡其""], ""image"": """", ""style"": [""休闲"", ""度假"", ""田园"", ""日系""], ""season"": [""春"", ""夏"", ""秋""], ""warmth"": ""不适用"", ""category"": ""配件"", ""material"": ""草编质感，密集编织纹理，挺括轻盈"", ""raw_type"": ""米色编织贝雷帽"", ""description"": ""米色草编贝雷帽，圆顶短檐，编织纹理清晰""}","succeeded","5096fac2-5a24-4c43-822e-35af176f5e28","1","ready","19/5/2026 11:07:11.887029+00","19/5/2026 11:11:21.514836+00"
"576725b5-0dce-4ef2-b8ca-ceb2f0060aec","a334f3fa-fe23-4aba-852a-54c1c5ed2681","fc069edc-8a9b-52dc-a74f-59cf44ed568f","0","unknown",,"file:///mnt/nas/ootd-data/users/fc069edc-8a9b-52dc-a74f-59cf44ed568f/whites/576725b5-0dce-4ef2-b8ca-ceb2f0060aec_a2.png","succeeded","01184f63-81ba-411c-9ea1-a5b57204dc53","2","{""fit"": ""不适用"", ""type"": ""帽子"", ""color"": [""灰色""], ""image"": """", ""style"": [""休闲"", ""日系"", ""韩系""], ""season"": [""秋"", ""冬""], ""warmth"": ""不适用"", ""category"": ""配件"", ""material"": ""毛线混纺，粗罗纹针织，厚实柔软"", ""raw_type"": ""灰色罗纹针织帽"", ""description"": ""灰色罗纹针织帽，翻边设计，厚实毛线质感""}","succeeded","bbd2b5fb-5059-4008-bc19-9f654c32e5ba","1","ready","19/5/2026 11:07:11.012016+00","19/5/2026 11:11:50.510835+00"
"86b7ea75-5123-4b80-818a-1ef8d3536c71","79f98514-aa22-4e28-a66e-f48e7a440ec7","fc069edc-8a9b-52dc-a74f-59cf44ed568f","0","unknown",,"file:///mnt/nas/ootd-data/users/fc069edc-8a9b-52dc-a74f-59cf44ed568f/whites/86b7ea75-5123-4b80-818a-1ef8d3536c71_a1.png","succeeded","b3d93b79-4ba1-4f97-a138-8b0b12d0af9e","1","{""fit"": ""不适用"", ""type"": ""帽子"", ""color"": [""米色"", ""浅卡其""], ""image"": """", ""style"": [""休闲"", ""度假"", ""田园""], ""season"": [""春"", ""夏""], ""warmth"": ""不适用"", ""category"": ""配件"", ""material"": ""草编材质，密集编织纹理，轻盈挺括"", ""raw_type"": ""米色编织草帽"", ""description"": ""米色宽檐编织草帽，浅色帽带，轻盈度假感""}","succeeded","ab5494f5-34d7-4fb7-8720-91e56fbf28b6","1","ready","19/5/2026 11:07:10.015892+00","19/5/2026 11:11:03.669039+00"
"88e9626c-cbe0-4c14-b4b9-dc3f403ff5ad","e9707fe2-3784-4384-a9e3-92fdb0959227","fc069edc-8a9b-52dc-a74f-59cf44ed568f","0","unknown",,"file:///mnt/nas/ootd-data/users/fc069edc-8a9b-52dc-a74f-59cf44ed568f/whites/88e9626c-cbe0-4c14-b4b9-dc3f403ff5ad_a1.png","succeeded","061f752d-de82-4ff8-8bfe-63d57d4288f4","1","{""fit"": ""不适用"", ""type"": ""帽子"", ""color"": [""米白"", ""卡其"", ""灰棕格纹""], ""image"": """", ""style"": [""复古"", ""休闲"", ""田园""], ""season"": [""春"", ""秋"", ""冬""], ""warmth"": ""不适用"", ""category"": ""配件"", ""material"": ""混纺梭织与毛呢拼接，纹理粗粝挺括"", ""raw_type"": ""米色拼接格纹贝雷帽"", ""description"": ""米色拼接贝雷帽，格纹毛呢与立体绣纹质感""}","succeeded","bbc75f9b-c08c-4459-889b-5c149794128b","1","ready","19/5/2026 11:07:09.345626+00","19/5/2026 11:12:00.351435+00"
"0ecbcf3c-4535-4e5e-a385-8902de82aa4b","ad511bbf-1390-4824-b357-afb4fc2ef1d5","fc069edc-8a9b-52dc-a74f-59cf44ed568f","0","unknown",,"file:///mnt/nas/ootd-data/users/fc069edc-8a9b-52dc-a74f-59cf44ed568f/whites/0ecbcf3c-4535-4e5e-a385-8902de82aa4b_a1.png","succeeded","92f70b16-ee94-4137-9534-e74779e0b006","1","{""fit"": ""不适用"", ""type"": ""帽子"", ""color"": [""米色"", ""浅卡其""], ""image"": """", ""style"": [""度假"", ""休闲"", ""田园""], ""season"": [""春"", ""夏""], ""warmth"": ""不适用"", ""category"": ""配件"", ""material"": ""草编材质，粗编纹理，轻盈挺括"", ""raw_type"": ""米色编织空顶遮阳帽"", ""description"": ""米色草编空顶遮阳帽，宽檐廓形，轻盈度假感""}","succeeded","085e8d84-e8ed-4fa3-b8eb-b4e8269f9508","1","ready","19/5/2026 11:07:06.953696+00","19/5/2026 11:11:15.984005+00"
"12c0ad6b-ed3b-4176-b16a-01074056802e","06ce52f8-42ba-4a41-8e30-d99964115150","fc069edc-8a9b-52dc-a74f-59cf44ed568f","0","unknown",,"file:///mnt/nas/ootd-data/users/fc069edc-8a9b-52dc-a74f-59cf44ed568f/whites/12c0ad6b-ed3b-4176-b16a-01074056802e_a1.png","succeeded","ae75a84d-181c-4060-8ae2-5cc44004c281","1","{""fit"": ""不适用"", ""type"": ""帽子"", ""color"": [""卡其底黑色豹纹"", ""白色刺绣""], ""image"": """", ""style"": [""休闲"", ""街头"", ""复古""], ""season"": [""春"", ""夏"", ""秋""], ""warmth"": ""不适用"", ""category"": ""配件"", ""material"": ""棉质斜纹面料，豹纹印花，帽型挺括"", ""raw_type"": ""豹纹刺绣棒球帽"", ""description"": ""卡其豹纹棒球帽，白色字母刺绣，挺括棉质感""}","succeeded","22e9b947-3165-4cdf-af1a-aa9aafb593f8","1","ready","19/5/2026 11:07:06.300335+00","19/5/2026 11:10:41.673099+00"
"d4479d9e-b63f-40f0-a59d-b81337045d57","8a2b565a-ba2f-4c47-a156-081e7aee5890","fc069edc-8a9b-52dc-a74f-59cf44ed568f","0","unknown",,"file:///mnt/nas/ootd-data/users/fc069edc-8a9b-52dc-a74f-59cf44ed568f/whites/d4479d9e-b63f-40f0-a59d-b81337045d57_a2.png","succeeded","e6db1fb8-4c8e-4f97-a934-6584f9e66ce4","2","{""fit"": ""不适用"", ""type"": ""帽子"", ""color"": [""米色""], ""image"": """", ""style"": [""休闲"", ""度假"", ""田园""], ""season"": [""春"", ""夏"", ""秋""], ""warmth"": ""不适用"", ""category"": ""配件"", ""material"": ""麻棉感针织，镂空纹理，轻薄透气"", ""raw_type"": ""米色镂空针织帽"", ""description"": ""米色镂空针织帽，圆顶短檐，轻薄透气质感""}","succeeded","f73ae594-8389-4eca-9060-a0c3986ec6e9","1","ready","19/5/2026 11:07:05.631698+00","19/5/2026 11:12:23.774595+00"
"c52d59c1-04de-41c4-9d0c-429aeb7bc41c","5ff18410-ec13-4001-a9a0-224440eba4de","fc069edc-8a9b-52dc-a74f-59cf44ed568f","0","unknown",,"file:///mnt/nas/ootd-data/users/fc069edc-8a9b-52dc-a74f-59cf44ed568f/whites/c52d59c1-04de-41c4-9d0c-429aeb7bc41c_a1.png","succeeded","7b9530e3-f053-4d04-9bb5-aa625febde27","1","{""fit"": ""不适用"", ""type"": ""帽子"", ""color"": [""深棕""], ""image"": """", ""style"": [""复古"", ""休闲"", ""日系""], ""season"": [""秋"", ""冬""], ""warmth"": ""不适用"", ""category"": ""配件"", ""material"": ""毛呢质感，表面绒感，较挺括"", ""raw_type"": ""深棕色毛呢报童帽"", ""description"": ""深棕色毛呢报童帽，圆顶短檐，绒面质感""}","succeeded","38887e20-2844-4381-982c-92de8d0925fe","1","ready","19/5/2026 11:07:04.633881+00","19/5/2026 11:10:03.446932+00"
"931a1b79-a5d7-4dc1-8fcd-fc9ac9f220e7","7b48cee6-c8ef-4cca-8b08-e17731b694d4","fc069edc-8a9b-52dc-a74f-59cf44ed568f","0","unknown",,"file:///mnt/nas/ootd-data/users/fc069edc-8a9b-52dc-a74f-59cf44ed568f/whites/931a1b79-a5d7-4dc1-8fcd-fc9ac9f220e7_a1.png","succeeded","4f7d4e8d-9fb6-4060-a46f-a6cb3adf0236","1","{""fit"": ""不适用"", ""type"": ""腰带"", ""color"": [""黑色""], ""image"": """", ""style"": [""通勤"", ""极简""], ""season"": [""春"", ""夏"", ""秋"", ""冬""], ""warmth"": ""不适用"", ""category"": ""配件"", ""material"": ""仿皮或皮质材质，表面光滑，质地挺括有型"", ""raw_type"": ""黑色简约金属扣腰带"", ""description"": ""黑色简约细长腰带，金属针扣设计，皮质表面利落百搭""}","succeeded","869e63d6-7126-4e73-b46e-24b2aeb2f353","1","ready","19/5/2026 10:58:14.804568+00","19/5/2026 11:02:49.077516+00"
"66d0d27b-b4c9-461b-b195-a5feb0a2d59a","52f12565-1223-48a9-a751-cf207cf002fb","fc069edc-8a9b-52dc-a74f-59cf44ed568f","0","unknown",,"file:///mnt/nas/ootd-data/users/fc069edc-8a9b-52dc-a74f-59cf44ed568f/whites/66d0d27b-b4c9-461b-b195-a5feb0a2d59a_a2.png","succeeded","ada76fa9-1691-4bb7-bd21-22bc4c7f1405","2","{""fit"": ""不适用"", ""type"": ""腰带"", ""color"": [""卡其"", ""银色""], ""image"": """", ""style"": [""朋克"", ""街头"", ""休闲""], ""season"": [""春"", ""夏"", ""秋"", ""冬""], ""warmth"": ""不适用"", ""category"": ""配件"", ""material"": ""仿皮革质感，金属铆钉装饰，偏挺括"", ""raw_type"": ""卡其色铆钉皮腰带"", ""description"": ""卡其色铆钉腰带，银色圆扣，皮革质感""}","succeeded","4c1cfd0c-0080-4159-b355-96400c6282f8","1","ready","19/5/2026 10:58:14.613331+00","19/5/2026 11:04:22.922226+00"
"21a697ac-fad8-4d0a-ad3e-a4573904b7d9","7f77e998-ea14-472c-81cf-c7b361bd8001","fc069edc-8a9b-52dc-a74f-59cf44ed568f","0","unknown",,"file:///mnt/nas/ootd-data/users/fc069edc-8a9b-52dc-a74f-59cf44ed568f/whites/21a697ac-fad8-4d0a-ad3e-a4573904b7d9_a2.png","succeeded","507db82b-85aa-45dd-aff3-2acdeeb6b739","2","{""fit"": ""不适用"", ""type"": ""腰带"", ""color"": [""黑色"", ""银色""], ""image"": """", ""style"": [""复古"", ""极简"", ""通勤""], ""season"": [""春"", ""夏"", ""秋"", ""冬""], ""warmth"": ""不适用"", ""category"": ""配件"", ""material"": ""皮革材质，表面细腻压纹，金属雕花扣头"", ""raw_type"": ""黑色雕花金属扣皮带"", ""description"": ""黑色细款皮带配复古银色雕花扣头，整体风格简约利落""}","succeeded","e04b3094-beb3-42b9-a375-9ba5d94a185b","1","ready","19/5/2026 10:58:14.372105+00","19/5/2026 11:03:54.154599+00"
"8b93c6f6-c059-4030-b1cf-6df8cfa359fd","bd709933-a0a6-441a-adab-a6033f37387f","fc069edc-8a9b-52dc-a74f-59cf44ed568f","0","unknown",,"file:///mnt/nas/ootd-data/users/fc069edc-8a9b-52dc-a74f-59cf44ed568f/whites/8b93c6f6-c059-4030-b1cf-6df8cfa359fd_a2.png","succeeded","3b59dbf1-8adc-4b37-8576-ac1279f297ec","2","{""fit"": ""不适用"", ""type"": ""腰带"", ""color"": [""酒红色""], ""image"": """", ""style"": [""复古"", ""优雅"", ""通勤""], ""season"": [""春"", ""夏"", ""秋"", ""冬""], ""warmth"": ""不适用"", ""category"": ""配件"", ""material"": ""皮质纹理，表面微光，质感挺括"", ""raw_type"": ""酒红色细皮质腰带"", ""description"": ""酒红色细皮质腰带，金属孔眼，简洁复古质感""}","succeeded","4b2dfb93-6dfb-48cb-8da0-d9ca0fb79d2b","1","ready","19/5/2026 10:58:13.976995+00","19/5/2026 11:03:42.59765+00"
"3bf5dfbd-36fd-481c-a1ec-a7954045ee5f","ab4e2948-974b-45f6-9a1d-2fc433e80744","fc069edc-8a9b-52dc-a74f-59cf44ed568f","0","unknown",,"file:///mnt/nas/ootd-data/users/fc069edc-8a9b-52dc-a74f-59cf44ed568f/whites/3bf5dfbd-36fd-481c-a1ec-a7954045ee5f_a2.png","succeeded","9f4b6169-5bd8-4c59-9e21-8090f72fc6f3","2","{""fit"": ""不适用"", ""type"": ""首饰"", ""color"": [""黑色"", ""金色"", ""白色珍珠""], ""image"": """", ""style"": [""复古"", ""朋克"", ""优雅""], ""season"": [""春"", ""夏"", ""秋"", ""冬""], ""warmth"": ""不适用"", ""category"": ""配件"", ""material"": ""金属链条，皮革编织感，吊坠珍珠点缀"", ""raw_type"": ""黑金拼色吊坠手链"", ""description"": ""黑金拼色吊坠手链，链条编织感，珍珠点缀""}","succeeded","13f9b828-af6f-4137-b405-657d8c98cf0f","1","ready","19/5/2026 10:58:13.735492+00","19/5/2026 11:03:48.280575+00"
"11982b46-ca73-4e6a-99f6-8c6789f79834","ac0158f8-200e-4b48-8f45-b1299a3a980b","fc069edc-8a9b-52dc-a74f-59cf44ed568f","0","unknown",,"file:///mnt/nas/ootd-data/users/fc069edc-8a9b-52dc-a74f-59cf44ed568f/whites/11982b46-ca73-4e6a-99f6-8c6789f79834_a2.png","succeeded","c2facfef-99ca-40d3-8b3e-fe521d6c0c4f","2","{""fit"": ""不适用"", ""type"": ""腰带"", ""color"": [""蓝色"", ""银色""], ""image"": """", ""style"": [""复古"", ""民族"", ""休闲""], ""season"": [""春"", ""夏"", ""秋"", ""冬""], ""warmth"": ""不适用"", ""category"": ""配件"", ""material"": ""皮革质感，金属雕花扣饰，做旧纹理"", ""raw_type"": ""蓝色复古雕花腰带"", ""description"": ""蓝色复古雕花腰带，银色金属扣饰，做旧质感""}","succeeded","ebe5293b-49db-4b05-af38-4914c41ee52d","1","ready","19/5/2026 10:58:13.411527+00","19/5/2026 11:03:42.195606+00"
"dc5fd00a-db44-4ec5-856d-88b2bb240205","4ddb96f6-8a08-4af9-b683-3173c3978a07","fc069edc-8a9b-52dc-a74f-59cf44ed568f","0","unknown",,"file:///mnt/nas/ootd-data/users/fc069edc-8a9b-52dc-a74f-59cf44ed568f/whites/dc5fd00a-db44-4ec5-856d-88b2bb240205_a1.png","succeeded","0cf60e1e-0c2a-4660-9c1b-40c72dd5652a","1","{""fit"": ""不适用"", ""type"": ""腰带"", ""color"": [""灰色"", ""金色""], ""image"": """", ""style"": [""通勤"", ""优雅"", ""极简""], ""season"": [""春"", ""夏"", ""秋"", ""冬""], ""warmth"": ""不适用"", ""category"": ""配件"", ""material"": ""压纹皮革材质，表面细腻纹理，质感挺括"", ""raw_type"": ""灰色压纹皮革金扣腰带"", ""description"": ""灰色压纹皮革腰带，搭配金色字母扣，质感精致百搭""}","succeeded","ff653caa-54db-4630-939b-728f281a344d","1","ready","19/5/2026 10:58:13.180375+00","19/5/2026 11:02:48.963382+00"
"cfc22dff-330f-43bf-bdb5-335afd58e9d4","2c4a69a9-d420-4276-ab30-07d42d419fcb","fc069edc-8a9b-52dc-a74f-59cf44ed568f","0","unknown",,"file:///mnt/nas/ootd-data/users/fc069edc-8a9b-52dc-a74f-59cf44ed568f/whites/cfc22dff-330f-43bf-bdb5-335afd58e9d4_a1.png","succeeded","5090449d-0833-4f6e-904a-cd5391b51de7","1","{""fit"": ""不适用"", ""type"": ""腰带"", ""color"": [""黑色"", ""银色""], ""image"": """", ""style"": [""复古"", ""民族"", ""街头""], ""season"": [""春"", ""夏"", ""秋"", ""冬""], ""warmth"": ""不适用"", ""category"": ""配件"", ""material"": ""皮革材质，金属雕花扣饰，硬挺质感"", ""raw_type"": ""黑色雕花西部风腰带"", ""description"": ""黑色皮革西部风腰带，搭配复古银色雕花金属扣""}","succeeded","56dfd8d5-8d74-4209-b7ce-24703656df0c","1","ready","19/5/2026 10:58:12.964245+00","19/5/2026 11:01:28.942865+00"
"2d5a6966-e5a0-4806-b18c-4dffff9c4390","c351f143-2b3a-4346-8c87-e1413a3d3bc5","fc069edc-8a9b-52dc-a74f-59cf44ed568f","0","unknown",,"file:///mnt/nas/ootd-data/users/fc069edc-8a9b-52dc-a74f-59cf44ed568f/whites/2d5a6966-e5a0-4806-b18c-4dffff9c4390_a1.png","succeeded","bb63f930-d76f-404b-9b92-60bec4aa2b8c","1","{""fit"": ""不适用"", ""type"": ""腰带"", ""color"": [""白色"", ""银色""], ""image"": """", ""style"": [""街头"", ""朋克"", ""复古""], ""season"": [""春"", ""夏"", ""秋"", ""冬""], ""warmth"": ""不适用"", ""category"": ""配件"", ""material"": ""仿皮革质感，表面轻微纹理，搭配金属铆钉装饰"", ""raw_type"": ""白色铆钉装饰腰带"", ""description"": ""白色仿皮腰带，银色金属扣与铆钉镶饰设计，个性感强""}","succeeded","894d97bf-f931-4b28-9777-5a2c58d45624","1","ready","19/5/2026 10:58:12.628665+00","19/5/2026 11:02:17.576678+00"
"06184bab-0b87-4614-ad3a-8110db51011b","9dc59285-a9d1-4257-b150-a342af4240fa","fc069edc-8a9b-52dc-a74f-59cf44ed568f","0","unknown",,"file:///mnt/nas/ootd-data/users/fc069edc-8a9b-52dc-a74f-59cf44ed568f/whites/06184bab-0b87-4614-ad3a-8110db51011b_a1.png","succeeded","16e5370a-86f4-4568-b3e2-22e206974a5b","1","{""fit"": ""不适用"", ""type"": ""腰带"", ""color"": [""深棕""], ""image"": """", ""style"": [""复古"", ""工装"", ""街头""], ""season"": [""春"", ""秋"", ""冬""], ""warmth"": ""不适用"", ""category"": ""配件"", ""material"": ""绒面革质感，厚实挺括，细腻磨砂纹理"", ""raw_type"": ""深棕色多口袋腰封"", ""description"": ""深棕色绒面多口袋腰封，金属扣细节，复古工装感""}","succeeded","88064cfa-3dce-4428-95df-6cd704d8d34b","1","ready","19/5/2026 10:58:12.259561+00","19/5/2026 11:01:33.188085+00"
"9a5849ce-47d9-4124-85ca-75083f52966d","0d395bcc-3e1f-422e-93cd-b0ed5b0d3b7d","fc069edc-8a9b-52dc-a74f-59cf44ed568f","0","unknown",,"file:///mnt/nas/ootd-data/users/fc069edc-8a9b-52dc-a74f-59cf44ed568f/whites/9a5849ce-47d9-4124-85ca-75083f52966d_a1.png","succeeded","b6608b64-ce84-48b0-b66f-93b0613ce61e","1","{""fit"": ""不适用"", ""type"": ""腰带"", ""color"": [""深棕色"", ""银灰色""], ""image"": """", ""style"": [""通勤"", ""复古"", ""极简""], ""season"": [""春"", ""夏"", ""秋"", ""冬""], ""warmth"": ""不适用"", ""category"": ""配件"", ""material"": ""光面皮革材质，边缘油边处理，质感挺括"", ""raw_type"": ""深棕色针扣皮带"", ""description"": ""深棕色光面皮带，搭配银灰色针扣，简约复古风格""}","succeeded","43722eaa-a57d-4eac-8494-8c0150acb4d0","1","ready","19/5/2026 10:58:11.862828+00","19/5/2026 11:01:14.501599+00"
"40ad042b-decb-4494-a395-5f5831ab5b18","a687d27c-97f7-452d-8889-1c0694394aa0","fc069edc-8a9b-52dc-a74f-59cf44ed568f","0","unknown",,"file:///mnt/nas/ootd-data/users/fc069edc-8a9b-52dc-a74f-59cf44ed568f/whites/40ad042b-decb-4494-a395-5f5831ab5b18_a1.png","succeeded","189ee364-a40e-4662-9059-4cf7e34b567d","1","{""fit"": ""不适用"", ""type"": ""首饰"", ""color"": [""银色"", ""金色""], ""image"": """", ""style"": [""优雅"", ""复古"", ""法式""], ""season"": [""春"", ""夏"", ""秋"", ""冬""], ""warmth"": ""不适用"", ""category"": ""配件"", ""material"": ""金属镶钻质感，放射纹结构，硬挺光泽感"", ""raw_type"": ""银色放射纹大圈耳环"", ""description"": ""银色放射纹大圈耳环，金色边饰点缀，金属光泽感强""}","succeeded","cd2563a5-01b9-4a41-8058-b3a4dff4bc76","1","ready","19/5/2026 10:44:17.783573+00","19/5/2026 10:57:30.848891+00"
"916f8a27-5128-4c77-83ed-cb4de4af9152","86dabd4e-6e92-484a-a6b1-c9f318f5eba5","fc069edc-8a9b-52dc-a74f-59cf44ed568f","0","unknown",,"file:///mnt/nas/ootd-data/users/fc069edc-8a9b-52dc-a74f-59cf44ed568f/whites/916f8a27-5128-4c77-83ed-cb4de4af9152_a1.png","succeeded","1414ffd0-d1be-4f09-8c32-ece8c125198a","1","{""fit"": ""不适用"", ""type"": ""首饰"", ""color"": [""金色""], ""image"": """", ""style"": [""复古"", ""优雅"", ""民族""], ""season"": [""春"", ""夏"", ""秋"", ""冬""], ""warmth"": ""不适用"", ""category"": ""配件"", ""material"": ""金属材质，放射纹理压纹，硬挺光泽感"", ""raw_type"": ""金色纹理圆环耳环"", ""description"": ""金色放射纹理圆环耳环，立体压纹设计，金属光泽感强""}","succeeded","69232e37-7996-423a-b784-4332f43e69d3","1","ready","19/5/2026 10:44:16.516578+00","19/5/2026 10:55:02.75247+00"
"11cac826-b2ed-42b7-a960-78e0a3b95fe6","a36d5099-5514-4b92-a2a2-c0ca9687ec7e","fc069edc-8a9b-52dc-a74f-59cf44ed568f","0","unknown",,"file:///mnt/nas/ootd-data/users/fc069edc-8a9b-52dc-a74f-59cf44ed568f/whites/11cac826-b2ed-42b7-a960-78e0a3b95fe6_a1.png","succeeded","9d295942-73a8-414e-8e7c-b93404571cab","1","{""fit"": ""不适用"", ""type"": ""首饰"", ""color"": [""红色"", ""金色"", ""透明白""], ""image"": """", ""style"": [""甜美"", ""复古"", ""法式""], ""season"": [""春"", ""夏"", ""秋"", ""冬""], ""warmth"": ""不适用"", ""category"": ""配件"", ""material"": ""亮面树脂环体，金属镶边搭配水钻装饰"", ""raw_type"": ""红色圆环镶钻耳环"", ""description"": ""红色亮面圆环耳环，金色镶边点缀水钻，造型醒目复古""}","succeeded","273bd561-7d89-4e34-8c1d-1f1c84db8e79","1","ready","19/5/2026 10:44:15.392377+00","19/5/2026 10:56:53.425104+00"
"fa6bd226-5fbe-42cd-8b9f-116521edac05","86851dd0-ec97-4d2a-9784-48c1c59e5aa8","fc069edc-8a9b-52dc-a74f-59cf44ed568f","0","unknown",,"file:///mnt/nas/ootd-data/users/fc069edc-8a9b-52dc-a74f-59cf44ed568f/whites/fa6bd226-5fbe-42cd-8b9f-116521edac05_a2.png","succeeded","003bb6fe-a5ea-460b-856d-6d73dc3553cd","2","{""fit"": ""不适用"", ""type"": ""首饰"", ""color"": [""银色"", ""金色""], ""image"": """", ""style"": [""甜美"", ""法式"", ""优雅""], ""season"": [""春"", ""夏""], ""warmth"": ""不适用"", ""category"": ""配件"", ""material"": ""金属镀银，镶嵌水晶颗粒，光滑质感"", ""raw_type"": ""银色水晶雏菊耳钉"", ""description"": ""银色水晶雏菊耳钉，金色花心，闪亮精致""}","succeeded","a458f438-4c16-4b5e-b935-c070f5fad7ba","1","ready","19/5/2026 10:44:14.482593+00","19/5/2026 10:56:53.682057+00"
"b08d0f65-1f20-4757-b0a7-1e4bdc3c200e","908de6fc-069b-4df7-8761-c0e2f3266905","fc069edc-8a9b-52dc-a74f-59cf44ed568f","0","unknown",,"file:///mnt/nas/ootd-data/users/fc069edc-8a9b-52dc-a74f-59cf44ed568f/whites/b08d0f65-1f20-4757-b0a7-1e4bdc3c200e_a2.png","succeeded","94ce2be1-e7ac-4ecc-95b2-bc391b88bb05","2","{""fit"": ""不适用"", ""type"": ""首饰"", ""color"": [""银色"", ""白色""], ""image"": """", ""style"": [""优雅"", ""法式"", ""轻奢""], ""season"": [""春"", ""夏"", ""秋"", ""冬""], ""warmth"": ""不适用"", ""category"": ""配件"", ""material"": ""金属抛光材质搭配珍珠光泽吊坠，表面光滑细腻"", ""raw_type"": ""银色珍珠耳环"", ""description"": ""银色弧形珍珠耳环，搭配水滴形吊坠，整体优雅精致""}","succeeded","8c4d90df-73c9-4828-bb23-d3f9387050f3","1","ready","19/5/2026 10:44:14.069093+00","19/5/2026 10:56:28.853642+00"
"51259e43-fa6d-4323-9601-4b4361fd1ca3","532d1336-f132-419c-bf1f-ca27297369ee","fc069edc-8a9b-52dc-a74f-59cf44ed568f","0","unknown",,"file:///mnt/nas/ootd-data/users/fc069edc-8a9b-52dc-a74f-59cf44ed568f/whites/51259e43-fa6d-4323-9601-4b4361fd1ca3_a1.png","succeeded","5daf5662-7dff-47f2-a7cd-441a0b3c6dbd","1","{""fit"": ""不适用"", ""type"": ""首饰"", ""color"": [""金色"", ""绿色"", ""粉色""], ""image"": """", ""style"": [""甜美"", ""田园"", ""日系""], ""season"": [""春"", ""夏""], ""warmth"": ""不适用"", ""category"": ""配件"", ""material"": ""金属耳圈搭配玻璃珠饰，表面光泽感强，轻盈通透"", ""raw_type"": ""绿色玻璃草莓耳环"", ""description"": ""金色圆环耳饰搭配绿色玻璃草莓吊坠，点缀粉色小花细节""}","succeeded","a0a18042-fdee-437b-8080-b070426d29f7","1","ready","19/5/2026 10:44:13.386759+00","19/5/2026 10:55:32.330705+00"
"63612f51-d88f-449d-acfd-6a8c721d0cb8","602f7647-0582-4186-be3d-cb54272ac33a","fc069edc-8a9b-52dc-a74f-59cf44ed568f","0","unknown",,,"needs_review",,"3",,"not_started",,"0","needs_review","19/5/2026 10:44:12.94844+00","19/5/2026 11:00:18.069626+00"
"c10832b1-c399-4c0a-9261-a6dbc4cb551f","b9a43e4d-5c13-4e1c-8b90-5fce589ade91","fc069edc-8a9b-52dc-a74f-59cf44ed568f","0","unknown",,"file:///mnt/nas/ootd-data/users/fc069edc-8a9b-52dc-a74f-59cf44ed568f/whites/c10832b1-c399-4c0a-9261-a6dbc4cb551f_a2.png","succeeded","8680c26b-d884-4faf-a904-5bc5b8a24e20","2","{""fit"": ""不适用"", ""type"": ""首饰"", ""color"": [""金色""], ""image"": """", ""style"": [""极简"", ""优雅"", ""通勤""], ""season"": [""春"", ""夏"", ""秋"", ""冬""], ""warmth"": ""不适用"", ""category"": ""配件"", ""material"": ""金属抛光材质，细圆环造型，表面光滑"", ""raw_type"": ""金色细圈耳环"", ""description"": ""金色细圈耳环，纤细圆环设计，抛光金属质感""}","succeeded","c741c5ef-7245-4bd9-99b0-0fb67ebf8944","1","ready","19/5/2026 10:44:12.565461+00","19/5/2026 11:03:10.210257+00"
"3e290f9d-0d7b-473d-ac09-aa625d0abb11","c945f0b2-f9db-4e32-9cf9-ffe583532b44","fc069edc-8a9b-52dc-a74f-59cf44ed568f","0","unknown",,"file:///mnt/nas/ootd-data/users/fc069edc-8a9b-52dc-a74f-59cf44ed568f/whites/3e290f9d-0d7b-473d-ac09-aa625d0abb11_a1.png","succeeded","02346ccd-43f9-4e2c-b9c8-6125cd44002c","1","{""fit"": ""不适用"", ""type"": ""首饰"", ""color"": [""银色"", ""蓝色""], ""image"": """", ""style"": [""甜美"", ""复古""], ""season"": [""春"", ""夏"", ""秋"", ""冬""], ""warmth"": ""不适用"", ""category"": ""配件"", ""material"": ""金属质感，镶嵌圆形蓝石和透明水钻"", ""raw_type"": ""银色蓝石心形十字耳钉"", ""description"": ""银色心形耳钉，蓝石环绕十字水钻装饰""}","succeeded","903b20a3-e218-458c-95cc-09e25d072894","1","ready","19/5/2026 10:44:11.969026+00","19/5/2026 10:54:13.968603+00"
"d2ba84ac-5a0d-4642-a4c7-87f459d4d8a1","85f1ea81-d25b-404b-9f2c-484da7956a97","fc069edc-8a9b-52dc-a74f-59cf44ed568f","0","unknown",,"file:///mnt/nas/ootd-data/users/fc069edc-8a9b-52dc-a74f-59cf44ed568f/whites/d2ba84ac-5a0d-4642-a4c7-87f459d4d8a1_a1.png","succeeded","69ce1408-b97f-48ee-abd9-0630c875c15b","1","{""fit"": ""不适用"", ""type"": ""首饰"", ""color"": [""银色"", ""绿色""], ""image"": """", ""style"": [""极简"", ""前卫"", ""优雅""], ""season"": [""春"", ""夏"", ""秋"", ""冬""], ""warmth"": ""不适用"", ""category"": ""配件"", ""material"": ""金属镜面材质，搭配通透玻璃球装饰"", ""raw_type"": ""银色绿色玻璃球耳环"", ""description"": ""银色环形耳环搭配绿色玻璃球点缀，镜面质感醒目""}","succeeded","fc2e7f83-7c97-4819-bb5e-1b89392adef9","1","ready","19/5/2026 10:44:11.322158+00","19/5/2026 10:52:49.975895+00"
"0ad72dc3-2d5c-4677-bff1-866a376d0dce","ef6349d0-e68f-470d-a1e2-ac3d04c41897","fc069edc-8a9b-52dc-a74f-59cf44ed568f","0","unknown",,"file:///mnt/nas/ootd-data/users/fc069edc-8a9b-52dc-a74f-59cf44ed568f/whites/0ad72dc3-2d5c-4677-bff1-866a376d0dce_a1.png","succeeded","42a018e9-f3aa-4328-9de6-aad0bd258354","1","{""fit"": ""不适用"", ""type"": ""首饰"", ""color"": [""金色""], ""image"": """", ""style"": [""极简"", ""复古""], ""season"": [""春"", ""夏"", ""秋"", ""冬""], ""warmth"": ""不适用"", ""category"": ""配件"", ""material"": ""金属材质，抛光表面，硬挺光滑质感"", ""raw_type"": ""金色半圆罩面戒指"", ""description"": ""金色半圆罩面戒指，镜面抛光金属质感，造型极简复古""}","succeeded","47c6696b-58cc-4451-9e8f-a5f3d907f04c","1","ready","19/5/2026 10:44:10.941026+00","19/5/2026 10:52:06.074674+00"
"f597b0d7-bd69-4010-b24e-0422aefb80f3","de0aaf19-a5c5-44dd-a426-a277271911e9","fc069edc-8a9b-52dc-a74f-59cf44ed568f","0","unknown",,"file:///mnt/nas/ootd-data/users/fc069edc-8a9b-52dc-a74f-59cf44ed568f/whites/f597b0d7-bd69-4010-b24e-0422aefb80f3_a1.png","succeeded","e0aa4866-d318-4fca-84f8-6563ec597a6d","1","{""fit"": ""不适用"", ""type"": ""首饰"", ""color"": [""金色"", ""橘色"", ""白色""], ""image"": """", ""style"": [""甜美"", ""法式"", ""优雅""], ""season"": [""春"", ""夏"", ""秋"", ""冬""], ""warmth"": ""不适用"", ""category"": ""配件"", ""material"": ""金属镀金材质，镜面光泽，小花浮雕装饰"", ""raw_type"": ""金色小雏菊别针耳饰"", ""description"": ""金色安全别针造型耳饰，搭配小雏菊与珠饰细节""}","succeeded","40b03638-88d0-46a6-a4fa-474ff36125e7","1","ready","19/5/2026 10:44:10.182471+00","19/5/2026 10:52:47.295469+00"
"c44f7a00-3042-43c6-8b34-63bff2b4b9f5","73c03fbc-8d88-4f19-bd50-ebac78bb54b6","fc069edc-8a9b-52dc-a74f-59cf44ed568f","0","unknown",,"file:///mnt/nas/ootd-data/users/fc069edc-8a9b-52dc-a74f-59cf44ed568f/whites/c44f7a00-3042-43c6-8b34-63bff2b4b9f5_a1.png","succeeded","5fe9fe00-2697-4810-b14f-106b5f5b700d","1","{""fit"": ""不适用"", ""type"": ""首饰"", ""color"": [""浅蓝"", ""金色""], ""image"": """", ""style"": [""甜美"", ""法式"", ""优雅""], ""season"": [""春"", ""夏""], ""warmth"": ""不适用"", ""category"": ""配件"", ""material"": ""透明树脂碎石搭配金属环，轻盈通透质感"", ""raw_type"": ""浅蓝碎石半环耳钉"", ""description"": ""浅蓝透明碎石半环耳钉，金色金属圈设计，整体轻盈通透""}","succeeded","bf286c3e-dde6-49ad-b55f-225ead831963","1","ready","19/5/2026 10:44:03.092375+00","19/5/2026 10:52:41.70023+00"
"01dd87a1-ce1f-424d-a428-345253d40044","6db8ebd3-b439-419d-b48c-102075a42376","fc069edc-8a9b-52dc-a74f-59cf44ed568f","0","unknown",,"file:///mnt/nas/ootd-data/users/fc069edc-8a9b-52dc-a74f-59cf44ed568f/whites/01dd87a1-ce1f-424d-a428-345253d40044_a1.png","succeeded","811f5730-e991-4c20-b409-76521d869139","1","{""fit"": ""不适用"", ""type"": ""首饰"", ""color"": [""宝蓝色""], ""image"": """", ""style"": [""极简"", ""优雅""], ""season"": [""春"", ""夏"", ""秋"", ""冬""], ""warmth"": ""不适用"", ""category"": ""配件"", ""material"": ""哑光树脂花瓣，搭配切割水晶装饰"", ""raw_type"": ""宝蓝色花瓣耳饰"", ""description"": ""宝蓝色立体花瓣耳饰，中央点缀深蓝切割水晶，造型感强""}","succeeded","9ee35abe-21d6-4763-92a5-5bfb32b0fab0","1","ready","19/5/2026 10:44:00.713673+00","19/5/2026 10:52:32.817073+00"
"55f9c3a5-309f-43ae-b5d9-8e4811d91f33","9cf6515d-812a-4bf5-b9c7-13c551b2b111","fc069edc-8a9b-52dc-a74f-59cf44ed568f","0","unknown",,"file:///mnt/nas/ootd-data/users/fc069edc-8a9b-52dc-a74f-59cf44ed568f/whites/55f9c3a5-309f-43ae-b5d9-8e4811d91f33_a1.png","succeeded","4b47f338-2772-4091-9971-561857321a04","1","{""fit"": ""不适用"", ""type"": ""首饰"", ""color"": [""金色""], ""image"": """", ""style"": [""朋克"", ""街头"", ""个性""], ""season"": [""春"", ""夏"", ""秋"", ""冬""], ""warmth"": ""不适用"", ""category"": ""配件"", ""material"": ""金属链条材质，镂空缠绕纹理，硬挺光泽感"", ""raw_type"": ""金色链条感项链"", ""description"": ""金色缠绕结构项链，链条拼接设计，金属光泽感强烈""}","succeeded","23db60be-e21a-4807-9231-68b67b87eaf6","1","ready","19/5/2026 10:35:17.626428+00","19/5/2026 10:41:43.033223+00"
"f3e1494e-df6b-4540-a911-50f5a28a4316","953e356c-1307-4afe-9277-d1e7caa1e8d4","fc069edc-8a9b-52dc-a74f-59cf44ed568f","0","unknown",,"file:///mnt/nas/ootd-data/users/fc069edc-8a9b-52dc-a74f-59cf44ed568f/whites/f3e1494e-df6b-4540-a911-50f5a28a4316_a1.png","succeeded","ab1bb618-cab2-4cf9-964c-af43d422eb8e","1","{""fit"": ""不适用"", ""type"": ""围巾"", ""color"": [""棕色"", ""米白"", ""金色""], ""image"": """", ""style"": [""复古"", ""优雅"", ""法式""], ""season"": [""春"", ""夏"", ""秋""], ""warmth"": ""不适用"", ""category"": ""配件"", ""material"": ""缎面丝质感面料，印花梭织，轻薄柔滑"", ""raw_type"": ""棕色印花丝巾项链"", ""description"": ""棕色复古印花丝巾项链，缎面轻薄材质，搭配金属链条细节""}","succeeded","2e246d49-f3db-418a-8b33-624bf2297486","1","ready","19/5/2026 10:35:17.335182+00","19/5/2026 10:39:20.630737+00"
"e1f208bc-b77e-4827-adbe-9ed08a310a71","db556e23-96c5-4a18-a3af-e9d46df50214","fc069edc-8a9b-52dc-a74f-59cf44ed568f","0","unknown",,"file:///mnt/nas/ootd-data/users/fc069edc-8a9b-52dc-a74f-59cf44ed568f/whites/e1f208bc-b77e-4827-adbe-9ed08a310a71_a1.png","succeeded","20c00811-85a8-4ddb-bfbf-5829e4c10a06","1","{""fit"": ""不适用"", ""type"": ""首饰"", ""color"": [""金色""], ""image"": """", ""style"": [""复古"", ""优雅""], ""season"": [""春"", ""夏"", ""秋""], ""warmth"": ""不适用"", ""category"": ""配件"", ""material"": ""金属材质，光滑质感，复古金属质感"", ""raw_type"": ""金色橡果叶子吊坠项链"", ""description"": ""金色橡果叶子吊坠项链，复古金属质感，优雅装饰感""}","succeeded","1491eb67-8471-4a59-9f9d-e761f9d5d247","1","ready","19/5/2026 10:35:17.030369+00","19/5/2026 10:39:28.356286+00"
"467b8cfb-e4aa-4a2f-ac90-6a11fa803368","077f4b6e-af70-4dce-9a7d-657b0b102f0d","fc069edc-8a9b-52dc-a74f-59cf44ed568f","0","unknown",,"file:///mnt/nas/ootd-data/users/fc069edc-8a9b-52dc-a74f-59cf44ed568f/whites/467b8cfb-e4aa-4a2f-ac90-6a11fa803368_a2.png","succeeded","bb81424c-9449-4288-8d6e-c1dfabee09ea","2","{""fit"": ""不适用"", ""type"": ""首饰"", ""color"": [""透明白"", ""荧光绿"", ""金色""], ""image"": """", ""style"": [""极简"", ""日系"", ""甜美""], ""season"": [""春"", ""夏"", ""秋"", ""冬""], ""warmth"": ""不适用"", ""category"": ""配件"", ""material"": ""透明玻璃珠材质，光滑圆润，搭配亮绿色串线"", ""raw_type"": ""透明圆珠绿色串线项链"", ""description"": ""透明圆珠串联项链，搭配亮绿色串线与金色扣件，清透感明显""}","succeeded","3914941d-2cc9-4d32-9859-d7b7d97df09b","1","ready","19/5/2026 10:35:16.749438+00","19/5/2026 10:41:48.435872+00"
"a8a92ceb-fe53-48b7-9318-66f9c8e78c01","e0fae8b9-a239-4bfa-8efd-6bdd9cb4eee2","fc069edc-8a9b-52dc-a74f-59cf44ed568f","0","unknown",,"file:///mnt/nas/ootd-data/users/fc069edc-8a9b-52dc-a74f-59cf44ed568f/whites/a8a92ceb-fe53-48b7-9318-66f9c8e78c01_a1.png","succeeded","b07b962a-f126-423f-bbf6-1d9a223b91ed","1","{""fit"": ""不适用"", ""type"": ""首饰"", ""color"": [""金色""], ""image"": """", ""style"": [""优雅"", ""法式"", ""日系""], ""season"": [""春"", ""夏"", ""秋""], ""warmth"": ""不适用"", ""category"": ""配件"", ""material"": ""金属链条，光面抛光质感"", ""raw_type"": ""金色星星链条项链"", ""description"": ""金色星星链条项链，精致金属光泽，法式优雅风""}","succeeded","5a8689be-c88e-41bf-975d-07212ad5c8b7","1","ready","19/5/2026 10:35:16.436141+00","19/5/2026 10:50:16.733427+00"
"82d66e52-43e3-474a-91e4-40211ad54e08","5057f606-eeb9-46e6-ad65-72a1c987c119","fc069edc-8a9b-52dc-a74f-59cf44ed568f","0","unknown",,"file:///mnt/nas/ootd-data/users/fc069edc-8a9b-52dc-a74f-59cf44ed568f/whites/82d66e52-43e3-474a-91e4-40211ad54e08_a2.png","succeeded","3959b24f-be62-4a0c-bfb8-82978611d146","2","{""fit"": ""不适用"", ""type"": ""首饰"", ""color"": [""银色"", ""金色""], ""image"": """", ""style"": [""民族"", ""复古""], ""season"": [""春"", ""夏"", ""秋"", ""冬""], ""warmth"": ""不适用"", ""category"": ""配件"", ""material"": ""金属链条搭配浮雕圆片，做旧纹理质感"", ""raw_type"": ""银色圆片民族风项链"", ""description"": ""银色民族风圆片长项链，做旧金属纹理点缀金色细节""}","succeeded","ef41215e-f7e3-43f0-b975-e58939bf21a9","1","ready","19/5/2026 10:35:16.114742+00","19/5/2026 10:42:04.634477+00"
"16316d56-fcb4-4590-9376-c3f4a14c46b9","8a163e13-f946-43f6-9097-80551bdf29a7","fc069edc-8a9b-52dc-a74f-59cf44ed568f","0","unknown",,"file:///mnt/nas/ootd-data/users/fc069edc-8a9b-52dc-a74f-59cf44ed568f/whites/16316d56-fcb4-4590-9376-c3f4a14c46b9_a2.png","succeeded","05bbb5e3-ea5a-4daf-99d7-1ef362f3a15e","2","{""fit"": ""不适用"", ""type"": ""首饰"", ""color"": [""白色"", ""金色"", ""红色""], ""image"": """", ""style"": [""甜美"", ""法式"", ""优雅""], ""season"": [""春"", ""夏"", ""秋"", ""冬""], ""warmth"": ""不适用"", ""category"": ""配件"", ""material"": ""淡水珍珠串珠，金属扣件，玻璃樱桃吊坠"", ""raw_type"": ""珍珠樱桃吊坠项链"", ""description"": ""白色珍珠串珠项链，搭配金色扣环与红色樱桃吊坠""}","succeeded","8643fdb5-18ec-4433-96ff-caaa3e232a75","1","ready","19/5/2026 10:35:15.706258+00","19/5/2026 10:42:18.105003+00"
"23fd12b5-4075-4d15-8ca0-40db247596ba","1c420121-c38c-4d6c-8d70-4f212aa65023","fc069edc-8a9b-52dc-a74f-59cf44ed568f","0","unknown",,"file:///mnt/nas/ootd-data/users/fc069edc-8a9b-52dc-a74f-59cf44ed568f/whites/23fd12b5-4075-4d15-8ca0-40db247596ba_a2.png","succeeded","92657769-2d5f-423f-a58d-0865d57b03c4","2","{""fit"": ""不适用"", ""type"": ""首饰"", ""color"": [""金色"", ""多色""], ""image"": """", ""style"": [""度假"", ""甜美"", ""法式""], ""season"": [""春"", ""夏"", ""秋""], ""warmth"": ""不适用"", ""category"": ""配件"", ""material"": ""金属链条搭配彩色珠饰与天然石吊坠，质感轻盈"", ""raw_type"": ""金色多彩串珠吊坠项链"", ""description"": ""金色细链多彩串珠项链，点缀星月与宝石吊坠，轻盈灵动""}","succeeded","dda4ac5e-5f1a-4aa4-a50f-f5467ea81632","1","ready","19/5/2026 10:35:15.409706+00","19/5/2026 10:42:28.636326+00"
"90fd9f78-6ee8-4173-aa6c-2426535b33f3","df6472ae-50e4-4858-b228-8b6fc9afbd8b","fc069edc-8a9b-52dc-a74f-59cf44ed568f","0","unknown",,"file:///mnt/nas/ootd-data/users/fc069edc-8a9b-52dc-a74f-59cf44ed568f/whites/90fd9f78-6ee8-4173-aa6c-2426535b33f3_a2.png","succeeded","f55a339b-9da3-405a-9b4c-8af2f61f31fe","2","{""fit"": ""不适用"", ""type"": ""首饰"", ""color"": [""金色"", ""米白"", ""黑棕色""], ""image"": """", ""style"": [""民族"", ""度假"", ""复古""], ""season"": [""春"", ""夏"", ""秋""], ""warmth"": ""不适用"", ""category"": ""配件"", ""material"": ""金属串珠结合编织绳，轻盈细腻质感"", ""raw_type"": ""金色编绳串珠项链"", ""description"": ""金色编绳串珠项链，点缀彩色小吊坠，轻盈复古风格""}","succeeded","42bd38e5-947c-452d-995f-da85c93e2531","1","ready","19/5/2026 10:35:15.048263+00","19/5/2026 10:42:00.14628+00"
"5e52b438-31b6-46a9-bf24-e725cacaefea","e639fedc-52fb-440a-a901-61bb0314e5d7","fc069edc-8a9b-52dc-a74f-59cf44ed568f","0","unknown",,"file:///mnt/nas/ootd-data/users/fc069edc-8a9b-52dc-a74f-59cf44ed568f/whites/5e52b438-31b6-46a9-bf24-e725cacaefea_a1.png","succeeded","274b47af-3cd1-477d-963b-752b135e9b18","1","{""fit"": ""不适用"", ""type"": ""首饰"", ""color"": [""浅绿"", ""米白"", ""灰褐""], ""image"": """", ""style"": [""休闲"", ""度假"", ""波西米亚""], ""season"": [""春"", ""夏""], ""warmth"": ""不适用"", ""category"": ""配件"", ""material"": ""玻璃珠串，光滑圆片质感"", ""raw_type"": ""彩色圆片珠子手链"", ""description"": ""彩色圆片玻璃珠手链，多色拼接，光滑质感""}","succeeded","3691d56f-2d4e-4568-ac61-865df04fd8bc","1","ready","19/5/2026 10:35:13.591059+00","19/5/2026 10:38:57.603821+00"
"6873b475-46ff-4ae8-85f9-52f1ee8da933","e6f71ff9-b475-4963-9ee7-eaa4a4072f5f","fc069edc-8a9b-52dc-a74f-59cf44ed568f","0","unknown",,"file:///mnt/nas/ootd-data/users/fc069edc-8a9b-52dc-a74f-59cf44ed568f/whites/6873b475-46ff-4ae8-85f9-52f1ee8da933_a1.png","succeeded","e5a17399-2ac9-4563-84ca-39a10df033ad","1","{""fit"": ""不适用"", ""type"": ""首饰"", ""color"": [""金色"", ""橘色""], ""image"": """", ""style"": [""复古"", ""甜美"", ""法式""], ""season"": [""春"", ""夏"", ""秋"", ""冬""], ""warmth"": ""不适用"", ""category"": ""配件"", ""material"": ""金属链条材质，细链多层设计，轻盈精致"", ""raw_type"": ""金色小雏菊多层项链"", ""description"": ""金色多层细链项链，点缀小雏菊花纹与橘色宝石""}","succeeded","63723615-bbf9-4887-8e43-5457cda9414a","1","ready","19/5/2026 10:35:10.408216+00","19/5/2026 10:38:41.972165+00"
"f5073819-83dc-4529-a6f4-591f58e32105","e238d3e7-876d-4da9-bebd-e48395782768","fc069edc-8a9b-52dc-a74f-59cf44ed568f","0","unknown",,"file:///mnt/nas/ootd-data/users/fc069edc-8a9b-52dc-a74f-59cf44ed568f/whites/f5073819-83dc-4529-a6f4-591f58e32105_a1.png","succeeded","ee1245d3-e395-40fa-9e27-25320e1a654d","1","{""fit"": ""不适用"", ""type"": ""首饰"", ""color"": [""金色""], ""image"": """", ""style"": [""优雅"", ""复古""], ""season"": [""春"", ""夏"", ""秋"", ""冬""], ""warmth"": ""不适用"", ""category"": ""配件"", ""material"": ""金属材质，光面抛光，链条细腻"", ""raw_type"": ""金色百合形吊坠项链"", ""description"": ""金色百合形吊坠项链，光面金属质感，精致链条""}","succeeded","34e8b336-92f9-4e12-a1b2-4d99e08a29ef","1","ready","19/5/2026 10:35:10.014387+00","19/5/2026 10:39:04.232202+00"
"6b562c0a-5814-4536-8e94-42205ef1c91a","176dc2cd-6eaa-49a1-9125-16c3b66c8daa","fc069edc-8a9b-52dc-a74f-59cf44ed568f","0","unknown",,"file:///mnt/nas/ootd-data/users/fc069edc-8a9b-52dc-a74f-59cf44ed568f/whites/6b562c0a-5814-4536-8e94-42205ef1c91a_a1.png","succeeded","d3e84443-cc4f-4354-93f2-e98b61337673","1","{""fit"": ""不适用"", ""type"": ""首饰"", ""color"": [""湖蓝色"", ""金色"", ""白色""], ""image"": """", ""style"": [""复古"", ""优雅"", ""法式""], ""season"": [""春"", ""夏"", ""秋"", ""冬""], ""warmth"": ""不适用"", ""category"": ""配件"", ""material"": ""玻璃串珠与仿珍珠材质，金属链条点缀，光泽感明显"", ""raw_type"": ""蓝色串珠吊坠项链"", ""description"": ""湖蓝色串珠吊坠项链，搭配金色徽章与珍珠点缀，复古精致感明显""}","succeeded","0ab168d0-da7d-4cc6-9044-f108cb7bd2f7","1","ready","19/5/2026 10:35:09.633943+00","19/5/2026 10:38:49.073367+00"
"4385ed7a-6fbb-4c4f-9a5b-5d48bd694aea","7461c613-9e4e-4e70-b7fb-2ae105472d7e","fc069edc-8a9b-52dc-a74f-59cf44ed568f","0","unknown",,"file:///mnt/nas/ootd-data/users/fc069edc-8a9b-52dc-a74f-59cf44ed568f/whites/4385ed7a-6fbb-4c4f-9a5b-5d48bd694aea_a1.png","succeeded","482759a6-96f0-4b89-9d2f-a081e825620d","1","{""fit"": ""不适用"", ""type"": ""首饰"", ""color"": [""银色"", ""蓝色"", ""白色""], ""image"": """", ""style"": [""优雅"", ""甜美"", ""复古""], ""season"": [""春"", ""夏"", ""秋"", ""冬""], ""warmth"": ""不适用"", ""category"": ""配件"", ""material"": ""金属链条拼接珍珠，镶钻装饰，光泽感强"", ""raw_type"": ""蓝色爱心珍珠项链"", ""description"": ""银色链条爱心吊坠项链，蓝色镶嵌配珍珠点缀，复古优雅风格""}","succeeded","218417c1-0825-43d4-a505-1fb6d6e8bb64","1","ready","19/5/2026 10:35:09.029257+00","19/5/2026 10:38:46.160441+00"
"e9840824-4b96-496d-9eb0-ba5346397f99","64b95136-343a-4973-a53d-dfd5a6e3e724","fc069edc-8a9b-52dc-a74f-59cf44ed568f","0","unknown",,"file:///mnt/nas/ootd-data/users/fc069edc-8a9b-52dc-a74f-59cf44ed568f/whites/e9840824-4b96-496d-9eb0-ba5346397f99_a2.png","succeeded","d852f26b-7774-4983-9649-2ae2daf101bb","2","{""fit"": ""不适用"", ""type"": ""乐福鞋"", ""color"": [""黑色"", ""米驼色""], ""image"": """", ""style"": [""休闲"", ""日系"", ""韩系"", ""复古""], ""season"": [""秋"", ""冬""], ""warmth"": ""厚"", ""category"": ""鞋履"", ""material"": ""亮面皮革鞋身，长绒毛内里，柔软保暖质感"", ""raw_type"": ""黑色毛绒穆勒乐福鞋"", ""description"": ""黑色亮面穆勒乐福鞋，搭配米驼色长绒毛鞋面""}","succeeded","2a2a7188-5f51-4473-93cc-64b3ceceb3a4","1","ready","19/5/2026 10:22:49.201397+00","19/5/2026 10:33:15.716108+00"
"16adab72-090e-43e2-8896-19356a79edbc","95840cae-b9c8-4e2d-b42d-7b051857cb1b","fc069edc-8a9b-52dc-a74f-59cf44ed568f","0","unknown",,"file:///mnt/nas/ootd-data/users/fc069edc-8a9b-52dc-a74f-59cf44ed568f/whites/16adab72-090e-43e2-8896-19356a79edbc_a1.png","succeeded","e769430d-6270-4b84-91e8-f258f2013b1f","1","{""fit"": ""不适用"", ""type"": ""平底鞋"", ""color"": [""黑色""], ""image"": """", ""style"": [""休闲"", ""韩系"", ""极简""], ""season"": [""秋"", ""冬""], ""warmth"": ""厚"", ""category"": ""鞋履"", ""material"": ""羊羔绒质感面料，表面细密颗粒绒，柔软厚实"", ""raw_type"": ""黑色羊羔绒包头拖鞋"", ""description"": ""黑色羊羔绒包头拖鞋，搭配金属扣带设计，绒面柔软厚实""}","succeeded","810b3b2a-b18d-463e-89b3-680243071ecb","1","ready","19/5/2026 10:22:48.375037+00","19/5/2026 10:32:21.34051+00"
"817b3741-bad0-4ca8-a9da-0a7d1b39153f","3d7e6528-1053-4fc3-9fea-b9fd91edbb7e","fc069edc-8a9b-52dc-a74f-59cf44ed568f","0","unknown",,"file:///mnt/nas/ootd-data/users/fc069edc-8a9b-52dc-a74f-59cf44ed568f/whites/817b3741-bad0-4ca8-a9da-0a7d1b39153f_a2.png","succeeded","3ea4383c-9134-44d2-85f2-d3395d0f5733","2","{""fit"": ""不适用"", ""type"": ""运动鞋"", ""color"": [""米色"", ""白色""], ""image"": """", ""style"": [""休闲"", ""复古"", ""日系""], ""season"": [""春"", ""秋""], ""warmth"": ""不适用"", ""category"": ""鞋履"", ""material"": ""麂皮质感鞋面，绒面纹理，鞋型柔软轻便"", ""raw_type"": ""米色麂皮系带运动鞋"", ""description"": ""米色麂皮低帮运动鞋，白色宽鞋带设计，复古休闲风格""}","succeeded","78d99a80-b224-464d-858d-ed83590630cb","1","ready","19/5/2026 10:22:47.565877+00","19/5/2026 10:33:03.70558+00"
"990bbc6a-80a8-4137-a86f-60a4a0cfdddf","1dcddc76-5e31-49fe-b277-a79fd4c9cd58","fc069edc-8a9b-52dc-a74f-59cf44ed568f","0","unknown",,"file:///mnt/nas/ootd-data/users/fc069edc-8a9b-52dc-a74f-59cf44ed568f/whites/990bbc6a-80a8-4137-a86f-60a4a0cfdddf_a1.png","succeeded","feb1ea26-7d60-4498-ba27-14304bb844f1","1","{""fit"": ""不适用"", ""type"": ""运动鞋"", ""color"": [""蓝色"", ""白色"", ""红色""], ""image"": """", ""style"": [""休闲"", ""运动"", ""街头""], ""season"": [""春"", ""夏"", ""秋""], ""warmth"": ""不适用"", ""category"": ""鞋履"", ""material"": ""麂皮与织物拼接，柔软透气，略带磨砂感"", ""raw_type"": ""蓝色拼色系带运动鞋"", ""description"": ""蓝色拼色系带运动鞋，麂皮与织物拼接，休闲透气""}","succeeded","c5f240ac-12f4-4b3e-84dd-3f529a8c893e","1","ready","19/5/2026 10:22:46.886335+00","19/5/2026 10:31:56.943814+00"
"b20463e3-cbf4-4001-9ced-0f28f01583a6","2d6a4127-1af8-42b9-9bfd-3eb318c67b12","fc069edc-8a9b-52dc-a74f-59cf44ed568f","0","unknown",,"file:///mnt/nas/ootd-data/users/fc069edc-8a9b-52dc-a74f-59cf44ed568f/whites/b20463e3-cbf4-4001-9ced-0f28f01583a6_a1.png","succeeded","ed7701d9-a4bd-476f-b607-697c0a9d6cff","1","{""fit"": ""不适用"", ""type"": ""平底鞋"", ""color"": [""浅米色"", ""黑色""], ""image"": """", ""style"": [""休闲"", ""极简"", ""日系""], ""season"": [""春"", ""秋""], ""warmth"": ""不适用"", ""category"": ""鞋履"", ""material"": ""柔软皮革材质，表面细腻褶皱，鞋面宽松包裹感"", ""raw_type"": ""浅米色软皮套脚鞋"", ""description"": ""浅米色软皮套脚平底鞋，圆头宽松鞋面，柔软皮革质感""}","succeeded","758e4846-fc99-4e4c-b683-8a1e33f772a4","1","ready","19/5/2026 10:22:46.165811+00","19/5/2026 10:31:23.948557+00"
"f04b53cb-7290-4a4c-988f-d0a514de2abc","78854051-c5c5-492f-a3a5-eb57e5b191ae","fc069edc-8a9b-52dc-a74f-59cf44ed568f","0","unknown",,"file:///mnt/nas/ootd-data/users/fc069edc-8a9b-52dc-a74f-59cf44ed568f/whites/f04b53cb-7290-4a4c-988f-d0a514de2abc_a1.png","succeeded","d4803fbb-6180-4d49-a64d-c5d013e8e0bc","1","{""fit"": ""不适用"", ""type"": ""乐福鞋"", ""color"": [""深棕"", ""米白"", ""黑色""], ""image"": """", ""style"": [""复古"", ""学院"", ""日系""], ""season"": [""春"", ""秋""], ""warmth"": ""不适用"", ""category"": ""鞋履"", ""material"": ""仿皮拼接帆布材质，雕花压纹，鞋面偏挺括"", ""raw_type"": ""棕色流苏拼接乐福鞋"", ""description"": ""深棕色拼接流苏乐福鞋，雕花鞋面搭配学院风扣带设计""}","succeeded","fcdc2aba-808e-48e2-83fe-3a0190c79571","1","ready","19/5/2026 10:22:43.557362+00","19/5/2026 10:30:53.298505+00"
"fcef8d71-5cc3-47ef-bab3-ce33c97217d9","09e09352-3fb1-440e-a760-dbb6b7564f74","fc069edc-8a9b-52dc-a74f-59cf44ed568f","0","unknown",,"file:///mnt/nas/ootd-data/users/fc069edc-8a9b-52dc-a74f-59cf44ed568f/whites/fcef8d71-5cc3-47ef-bab3-ce33c97217d9_a1.png","succeeded","3d0cdee5-af8f-45d7-af80-2b4043115e62","1","{""fit"": ""不适用"", ""type"": ""凉鞋"", ""color"": [""酒红色""], ""image"": """", ""style"": [""休闲"", ""极简""], ""season"": [""春"", ""夏""], ""warmth"": ""不适用"", ""category"": ""鞋履"", ""material"": ""PU合成革，光面质感，平底设计"", ""raw_type"": ""酒红色方头平底凉鞋"", ""description"": ""酒红色方头平底凉鞋，简约光面PU材质，休闲百搭""}","succeeded","44227871-7a34-43a9-8481-8033b738cb10","1","ready","19/5/2026 10:22:42.774924+00","19/5/2026 10:29:24.451411+00"
"7fc09f42-37d4-4dc6-99be-9bb4ff4934d3","f863fb60-058e-4fdb-b681-030da2fee30c","fc069edc-8a9b-52dc-a74f-59cf44ed568f","0","unknown",,"file:///mnt/nas/ootd-data/users/fc069edc-8a9b-52dc-a74f-59cf44ed568f/whites/7fc09f42-37d4-4dc6-99be-9bb4ff4934d3_a1.png","succeeded","6ac95f27-6785-43e6-a60e-ea6807ec597d","1","{""fit"": ""不适用"", ""type"": ""平底鞋"", ""color"": [""金色"", ""黑色""], ""image"": """", ""style"": [""通勤"", ""极简""], ""season"": [""春"", ""秋""], ""warmth"": ""不适用"", ""category"": ""鞋履"", ""material"": ""仿皮革材质，表面略有皱褶，鞋面布料弹力覆盖"", ""raw_type"": ""金色平底方头鞋"", ""description"": ""金色方头平底鞋，黑色弹力鞋面覆盖，简约通勤风""}","succeeded","78fb6a65-32bc-47f3-8d61-93badf7ff55b","1","ready","19/5/2026 10:22:40.833924+00","19/5/2026 10:29:32.523089+00"
"58aa2273-b3e7-4cf9-a0e2-12de0abd41b9","69aab258-e7e4-4eed-9da8-72e1ad4c93e0","fc069edc-8a9b-52dc-a74f-59cf44ed568f","0","unknown",,"file:///mnt/nas/ootd-data/users/fc069edc-8a9b-52dc-a74f-59cf44ed568f/whites/58aa2273-b3e7-4cf9-a0e2-12de0abd41b9_a1.png","succeeded","aba5a313-2181-4269-845a-08399bd35677","1","{""fit"": ""不适用"", ""type"": ""凉鞋"", ""color"": [""棕色"", ""浅米色""], ""image"": """", ""style"": [""度假"", ""休闲"", ""极简""], ""season"": [""夏""], ""warmth"": ""不适用"", ""category"": ""鞋履"", ""material"": ""编织皮革鞋面，麂皮感鞋底，柔软平底设计"", ""raw_type"": ""棕色编织平底拖鞋"", ""description"": ""棕色编织鞋面平底凉拖，方头设计，带有自然度假感""}","succeeded","e54a3308-7ee7-427c-8b8a-7ba318624df8","1","ready","19/5/2026 10:22:39.062384+00","19/5/2026 10:29:27.278089+00"
"6dfe31b1-8b22-4796-b2ce-13bc60dabc1c","50033d6b-1e64-4c8d-80f4-dc1b0d241aef","fc069edc-8a9b-52dc-a74f-59cf44ed568f","0","unknown",,"file:///mnt/nas/ootd-data/users/fc069edc-8a9b-52dc-a74f-59cf44ed568f/whites/6dfe31b1-8b22-4796-b2ce-13bc60dabc1c_a3.png","succeeded","69080c5b-118d-464d-b474-09e3f5b4b442","3","{""fit"": ""不适用"", ""type"": ""靴子"", ""color"": [""白色""], ""image"": """", ""style"": [""休闲"", ""度假""], ""season"": [""秋"", ""冬""], ""warmth"": ""厚"", ""category"": ""鞋履"", ""material"": ""人造毛绒，卷毛质感，柔软保暖"", ""raw_type"": ""白色卷毛短靴"", ""description"": ""白色卷毛短靴，毛绒质感，舒适保暖""}","succeeded","c989d5c5-a99f-47c3-bdab-fd2787fcf487","1","ready","19/5/2026 10:22:38.358503+00","19/5/2026 10:34:15.365203+00"
"0866c366-4773-492d-b0f1-dd72b5a52764","e3dbf9b0-05f8-4eba-bfe5-a7aaaadff05c","fc069edc-8a9b-52dc-a74f-59cf44ed568f","0","unknown",,"file:///mnt/nas/ootd-data/users/fc069edc-8a9b-52dc-a74f-59cf44ed568f/whites/0866c366-4773-492d-b0f1-dd72b5a52764_a3.png","succeeded","640aad98-9845-4f41-ac9c-ecf0f0061ba8","3","{""fit"": ""不适用"", ""type"": ""靴子"", ""color"": [""黑色"", ""白色""], ""image"": """", ""style"": [""街头"", ""工装"", ""朋克""], ""season"": [""秋"", ""冬"", ""春""], ""warmth"": ""不适用"", ""category"": ""鞋履"", ""material"": ""哑光皮革质感，挺括鞋面，粗织鞋带设计"", ""raw_type"": ""黑白拼色绑带短靴"", ""description"": ""黑白拼色系带短靴，搭配宽绑带与厚底设计，皮革感挺括""}","succeeded","6d1e8865-6f96-473d-8570-b527feaef48e","1","ready","19/5/2026 10:22:37.598177+00","19/5/2026 10:34:18.954358+00"
"886756e9-650c-46fb-a92c-2cf2fdd28ebd","114b6bb6-5649-47aa-809c-60b704749fd3","fc069edc-8a9b-52dc-a74f-59cf44ed568f","0","unknown",,"file:///mnt/nas/ootd-data/users/fc069edc-8a9b-52dc-a74f-59cf44ed568f/whites/886756e9-650c-46fb-a92c-2cf2fdd28ebd_a2.png","succeeded","93a2bc57-28c6-4faa-9455-85567df469b5","2","{""fit"": ""不适用"", ""type"": ""运动鞋"", ""color"": [""卡其色""], ""image"": """", ""style"": [""休闲"", ""运动""], ""season"": [""春"", ""秋""], ""warmth"": ""不适用"", ""category"": ""鞋履"", ""material"": ""麂皮面料，绒面质感，舒适柔软"", ""raw_type"": ""卡其色麂皮运动休闲鞋"", ""description"": ""卡其色麂皮运动休闲鞋，复古鞋型，柔软舒适""}","succeeded","7b35f4dc-3f12-4620-9b54-5542b549c18e","1","ready","19/5/2026 10:22:36.614873+00","19/5/2026 10:32:42.256625+00"
"b811348a-c72e-4936-825b-ef271ea03b7c","bab1fa62-8561-4c0b-bfde-7e0a2f4b4601","fc069edc-8a9b-52dc-a74f-59cf44ed568f","0","unknown",,"file:///mnt/nas/ootd-data/users/fc069edc-8a9b-52dc-a74f-59cf44ed568f/whites/b811348a-c72e-4936-825b-ef271ea03b7c_a1.png","succeeded","1f0d0a74-544a-42e8-a18b-2788de009827","1","{""fit"": ""不适用"", ""type"": ""平底鞋"", ""color"": [""银色""], ""image"": """", ""style"": [""法式"", ""优雅"", ""通勤""], ""season"": [""春"", ""夏"", ""秋""], ""warmth"": ""不适用"", ""category"": ""鞋履"", ""material"": ""光面皮革，略有硬挺感，方头设计"", ""raw_type"": ""银色方头玛丽珍平底鞋"", ""description"": ""银色方头玛丽珍平底鞋，细带设计，光面皮革质感""}","succeeded","c2d7c877-21b9-443e-8d2f-ecf2a47ab44e","1","ready","19/5/2026 10:22:35.501429+00","19/5/2026 10:34:08.28476+00"
"599f87d2-3d08-4e9d-9bba-2c748dc6868b","d2fc28b8-1562-48cb-a17c-134921738191","fc069edc-8a9b-52dc-a74f-59cf44ed568f","0","unknown",,"file:///mnt/nas/ootd-data/users/fc069edc-8a9b-52dc-a74f-59cf44ed568f/whites/599f87d2-3d08-4e9d-9bba-2c748dc6868b_a2.png","succeeded","397f647a-5997-407d-a622-8e0dfce90da1","2","{""fit"": ""不适用"", ""type"": ""靴子"", ""color"": [""米色""], ""image"": """", ""style"": [""休闲"", ""度假"", ""法式""], ""season"": [""春"", ""夏""], ""warmth"": ""不适用"", ""category"": ""鞋履"", ""material"": ""麂皮质感，镂空雕花，柔软贴合"", ""raw_type"": ""米色镂空高筒靴"", ""description"": ""米色镂空高筒靴，雕花透气，麂皮柔软质感""}","succeeded","8ef0e672-fc68-464a-9811-c0e5787433fa","1","ready","19/5/2026 10:22:34.543668+00","19/5/2026 10:33:37.980812+00"
"14aaed5b-faef-4629-9b2b-922f20f24bf2","cc181fde-594b-41e5-82f3-39172442119f","fc069edc-8a9b-52dc-a74f-59cf44ed568f","0","unknown",,"file:///mnt/nas/ootd-data/users/fc069edc-8a9b-52dc-a74f-59cf44ed568f/whites/14aaed5b-faef-4629-9b2b-922f20f24bf2_a1.png","succeeded","531cfc4e-1845-4423-8625-f725cc84b04a","1","{""fit"": ""不适用"", ""type"": ""平底鞋"", ""color"": [""黄色格纹"", ""黑色"", ""棕色""], ""image"": """", ""style"": [""复古"", ""学院"", ""法式""], ""season"": [""春"", ""秋""], ""warmth"": ""不适用"", ""category"": ""鞋履"", ""material"": ""梭织格纹面料，鞋面挺括，带细绳蝴蝶结装饰"", ""raw_type"": ""黄色格纹蝴蝶结平底鞋"", ""description"": ""黄色格纹平底鞋，方头设计搭配细绳蝴蝶结，复古感明显""}","succeeded","10c359be-1497-4008-9914-8e56b0ee9824","1","ready","19/5/2026 10:22:29.188487+00","19/5/2026 10:33:04.335614+00"
"b059cb40-8df3-4db4-ae6c-0f276b0be5d7","f185cedd-dbf1-42bf-9e99-dc53d6c1483d","fc069edc-8a9b-52dc-a74f-59cf44ed568f","0","unknown",,"file:///mnt/nas/ootd-data/users/fc069edc-8a9b-52dc-a74f-59cf44ed568f/whites/b059cb40-8df3-4db4-ae6c-0f276b0be5d7_a1.png","succeeded","3746bda8-e77d-4786-964f-a7078e9132d7","1","{""fit"": ""不适用"", ""type"": ""高跟鞋"", ""color"": [""红色""], ""image"": """", ""style"": [""优雅"", ""性感"", ""法式""], ""season"": [""春"", ""夏"", ""秋""], ""warmth"": ""不适用"", ""category"": ""鞋履"", ""material"": ""亮面皮革，光滑有光泽"", ""raw_type"": ""红色尖头细跟高跟鞋"", ""description"": ""红色尖头细跟高跟鞋，光滑亮面皮革，优雅性感风格""}","succeeded","cb540f64-d023-4e38-b7b9-8f7403174555","1","ready","19/5/2026 10:22:28.176403+00","19/5/2026 10:26:40.499591+00"
"66e200f9-5f7d-4d37-801b-7acabd56f5a5","4ceb4f0b-1f94-45d0-8ef2-2f4b7d579497","fc069edc-8a9b-52dc-a74f-59cf44ed568f","0","unknown",,"file:///mnt/nas/ootd-data/users/fc069edc-8a9b-52dc-a74f-59cf44ed568f/whites/66e200f9-5f7d-4d37-801b-7acabd56f5a5_a1.png","succeeded","64557f8d-c597-4357-89ab-2572168c9fc5","1","{""fit"": ""不适用"", ""type"": ""运动鞋"", ""color"": [""粉色""], ""image"": """", ""style"": [""休闲"", ""运动""], ""season"": [""春"", ""夏"", ""秋""], ""warmth"": ""不适用"", ""category"": ""鞋履"", ""material"": ""柔软皮革或合成面料，光滑质感，轻便贴合"", ""raw_type"": ""粉色软面料运动鞋"", ""description"": ""粉色软面料运动鞋，圆头设计，轻便舒适""}","succeeded","01aecdce-098e-4adb-b18b-1004b6b0c224","1","ready","19/5/2026 10:22:27.734626+00","19/5/2026 10:33:03.664679+00"
"8445fdf2-7d5f-4cda-8595-17d16fb1f8bf","f5f425ff-797b-46fe-a3ab-9431fa465b43","fc069edc-8a9b-52dc-a74f-59cf44ed568f","0","unknown",,"file:///mnt/nas/ootd-data/users/fc069edc-8a9b-52dc-a74f-59cf44ed568f/whites/8445fdf2-7d5f-4cda-8595-17d16fb1f8bf_a1.png","succeeded","1934635f-ceb3-4bb1-ad1e-140d47a73bd5","1","{""fit"": ""不适用"", ""type"": ""乐福鞋"", ""color"": [""深棕色""], ""image"": """", ""style"": [""复古"", ""休闲"", ""通勤"", ""极简""], ""season"": [""春"", ""秋"", ""冬""], ""warmth"": ""不适用"", ""category"": ""鞋履"", ""material"": ""麂皮绒面材质，表面做旧纹理，柔软哑光质感"", ""raw_type"": ""深棕色麂皮乐福鞋"", ""description"": ""深棕色麂皮乐福鞋，简约套脚设计，鞋面带复古做旧纹理""}","succeeded","f9913354-0bea-42c7-93a0-4f2f7beb9ba4","1","ready","19/5/2026 10:22:27.278186+00","19/5/2026 10:25:58.128847+00"
"345c85e6-ee17-45fb-bce9-3ffcdf793b99","fd254d80-5c35-4e9c-bd2f-4b4f9ee1078d","fc069edc-8a9b-52dc-a74f-59cf44ed568f","0","unknown",,"file:///mnt/nas/ootd-data/users/fc069edc-8a9b-52dc-a74f-59cf44ed568f/whites/345c85e6-ee17-45fb-bce9-3ffcdf793b99_a1.png","succeeded","03771bf9-a0b4-41fd-8d4b-3d29a70c3cfa","1","{""fit"": ""不适用"", ""type"": ""凉鞋"", ""color"": [""棕色""], ""image"": """", ""style"": [""复古"", ""优雅"", ""度假""], ""season"": [""春"", ""夏"", ""秋""], ""warmth"": ""不适用"", ""category"": ""鞋履"", ""material"": ""仿皮材质，镂空雕花纹理，鞋面带细小亮饰"", ""raw_type"": ""棕色镂空尖头穆勒鞋"", ""description"": ""棕色尖头穆勒凉鞋，镂空雕花鞋面，带复古质感""}","succeeded","e1ead847-7a2d-44b9-bb11-0795ccadd9c6","1","ready","19/5/2026 10:22:26.759161+00","19/5/2026 10:25:58.178522+00"
"232aae5d-9d8f-49d7-a1bc-6b523747ea21","1a8cbd74-d9b7-4dbf-b713-496ee42bee63","fc069edc-8a9b-52dc-a74f-59cf44ed568f","0","unknown",,"file:///mnt/nas/ootd-data/users/fc069edc-8a9b-52dc-a74f-59cf44ed568f/whites/232aae5d-9d8f-49d7-a1bc-6b523747ea21_a1.png","succeeded","645d901d-f4a8-4294-9bc0-8d037f43ef47","1","{""fit"": ""不适用"", ""type"": ""运动鞋"", ""color"": [""米白"", ""黑色"", ""浅灰""], ""image"": """", ""style"": [""休闲"", ""运动"", ""韩系"", ""街头""], ""season"": [""春"", ""秋"", ""冬""], ""warmth"": ""不适用"", ""category"": ""鞋履"", ""material"": ""皮革拼接麂皮材质，鞋面压纹缝线，厚底挺括质感"", ""raw_type"": ""黑白拼接厚底运动鞋"", ""description"": ""米白黑色拼接厚底运动鞋，菱格鞋面设计，休闲街头感""}","succeeded","25152cee-5b3c-4ed3-ae8d-545c81771770","1","ready","19/5/2026 10:22:26.293393+00","19/5/2026 10:25:57.393843+00"
"9c15b300-852b-4c2b-98a8-0f0024fc591b","67ca1551-fb34-4ee9-a0cb-8c827db6ca81","fc069edc-8a9b-52dc-a74f-59cf44ed568f","0","unknown",,"file:///mnt/nas/ootd-data/users/fc069edc-8a9b-52dc-a74f-59cf44ed568f/whites/9c15b300-852b-4c2b-98a8-0f0024fc591b_a1.png","succeeded","a9d9ea40-96cf-42b0-8bde-2d562d1129ac","1","{""fit"": ""不适用"", ""type"": ""包"", ""color"": [""浅粉色""], ""image"": """", ""style"": [""甜美"", ""优雅"", ""韩系""], ""season"": [""春"", ""夏"", ""秋""], ""warmth"": ""不适用"", ""category"": ""配件"", ""material"": ""荔枝纹皮革质感，柔软细腻，包身偏软"", ""raw_type"": ""浅粉色蝴蝶结手提包"", ""description"": ""浅粉色荔枝纹手提包，镂空提手搭配立体蝴蝶结装饰""}","succeeded","151b4296-b2c7-4612-9812-41f5ce2b6dfc","1","ready","19/5/2026 10:09:44.16371+00","19/5/2026 10:17:28.081271+00"
"4326f58c-0b0a-4251-8ced-e40ac76ca49b","8dbd81bd-634b-43ee-a9ac-5118e1171d18","fc069edc-8a9b-52dc-a74f-59cf44ed568f","0","unknown",,"file:///mnt/nas/ootd-data/users/fc069edc-8a9b-52dc-a74f-59cf44ed568f/whites/4326f58c-0b0a-4251-8ced-e40ac76ca49b_a1.png","succeeded","e90da4a1-5905-4f4b-b654-79d2dd127857","1","{""fit"": ""不适用"", ""type"": ""包"", ""color"": [""深棕色""], ""image"": """", ""style"": [""通勤"", ""极简""], ""season"": [""春"", ""夏"", ""秋""], ""warmth"": ""不适用"", ""category"": ""配件"", ""material"": ""荔枝纹皮革，略挺括，手感细腻"", ""raw_type"": ""深棕色荔枝纹手提包"", ""description"": ""深棕色荔枝纹手提包，简约极简设计，皮革质感细腻""}","succeeded","5feb39eb-9981-41f8-89ba-819114aa0670","1","ready","19/5/2026 10:09:43.832887+00","19/5/2026 10:18:11.555232+00"
"85a1c656-9169-4d50-988b-2bfb5df6797b","8345b1cb-c6e7-4d24-b6e8-743dc814b412","fc069edc-8a9b-52dc-a74f-59cf44ed568f","0","unknown",,"file:///mnt/nas/ootd-data/users/fc069edc-8a9b-52dc-a74f-59cf44ed568f/whites/85a1c656-9169-4d50-988b-2bfb5df6797b_a2.png","succeeded","6f4d164d-8205-4349-a893-1a48624773de","2","{""fit"": ""不适用"", ""type"": ""包"", ""color"": [""黑色"", ""棕色""], ""image"": """", ""style"": [""复古"", ""港风"", ""优雅""], ""season"": [""春"", ""秋"", ""冬""], ""warmth"": ""不适用"", ""category"": ""配件"", ""material"": ""亮面仿蛇纹皮革，带毛绒挂饰，质感硬挺"", ""raw_type"": ""黑色蛇纹圆筒腋下包"", ""description"": ""黑色亮面蛇纹圆筒腋下包，搭配毛绒挂饰，复古感强""}","succeeded","3202ac28-46d0-472c-82f9-78f8943c2018","1","ready","19/5/2026 10:09:43.594816+00","19/5/2026 10:21:33.074614+00"
"6af79d87-05ce-46cc-bda8-693c3b7e9fed","7304bfa9-54d0-49bb-bd70-6369f9f62d48","fc069edc-8a9b-52dc-a74f-59cf44ed568f","0","unknown",,"file:///mnt/nas/ootd-data/users/fc069edc-8a9b-52dc-a74f-59cf44ed568f/whites/6af79d87-05ce-46cc-bda8-693c3b7e9fed_a2.png","succeeded","67cb5794-c44b-45af-bade-e42025d72199","2","{""fit"": ""不适用"", ""type"": ""包"", ""color"": [""银紫色""], ""image"": """", ""style"": [""甜美"", ""复古"", ""韩系""], ""season"": [""春"", ""夏"", ""秋"", ""冬""], ""warmth"": ""不适用"", ""category"": ""配件"", ""material"": ""亮片装饰化纤面料，表面闪耀细密，柔软包身"", ""raw_type"": ""银紫色亮片腋下包"", ""description"": ""银紫色亮片腋下包，弯月包型设计，表面密集闪耀亮片""}","succeeded","4723e49e-4423-4e0f-bc53-e3946da0448e","1","ready","19/5/2026 10:09:43.285127+00","19/5/2026 10:20:04.410972+00"
"d10f4bc0-cfa7-4c4f-bb38-29c3e77553a2","0cda7766-dad7-48f3-ba7c-2dd69ef037a4","fc069edc-8a9b-52dc-a74f-59cf44ed568f","0","unknown",,"file:///mnt/nas/ootd-data/users/fc069edc-8a9b-52dc-a74f-59cf44ed568f/whites/d10f4bc0-cfa7-4c4f-bb38-29c3e77553a2_a2.png","succeeded","c199d606-461c-4189-ab3f-515b67b687bf","2","{""fit"": ""不适用"", ""type"": ""包"", ""color"": [""深棕色""], ""image"": """", ""style"": [""复古"", ""极简"", ""通勤""], ""season"": [""春"", ""夏"", ""秋"", ""冬""], ""warmth"": ""不适用"", ""category"": ""配件"", ""material"": ""编织皮革纹理，包身柔软有立体感"", ""raw_type"": ""深棕色编织单肩水桶包"", ""description"": ""深棕色编织水桶包，细肩带设计，皮革质感复古低调""}","succeeded","87ee080c-d96a-4a31-8bd2-6910615f5aca","1","ready","19/5/2026 10:09:42.956591+00","19/5/2026 10:21:41.424719+00"
"c7923669-0139-4303-b0d6-7a72ef0a57d9","8e2aaa8d-6e75-4a06-af2b-5bb67473d2da","fc069edc-8a9b-52dc-a74f-59cf44ed568f","0","unknown",,"file:///mnt/nas/ootd-data/users/fc069edc-8a9b-52dc-a74f-59cf44ed568f/whites/c7923669-0139-4303-b0d6-7a72ef0a57d9_a1.png","succeeded","82200e0d-02de-4281-915d-da94a9dde313","1","{""fit"": ""不适用"", ""type"": ""包"", ""color"": [""卡其色豹纹""], ""image"": """", ""style"": [""复古"", ""街头""], ""season"": [""春"", ""秋"", ""冬""], ""warmth"": ""不适用"", ""category"": ""配件"", ""material"": ""绒面质感面料，豹纹印花，挺括包型"", ""raw_type"": ""豹纹圆筒手提包"", ""description"": ""卡其色豹纹圆筒手提包，长肩带设计，绒面质感挺括有型""}","succeeded","6ec2f1bd-f02c-47df-8a76-40eef7cacf02","1","ready","19/5/2026 10:09:42.619195+00","19/5/2026 10:17:26.652836+00"
"bba038e9-8f32-4c77-9015-cf461c521df5","c9fcd1f8-9fdb-4738-9701-9ef90cd5c1ef","fc069edc-8a9b-52dc-a74f-59cf44ed568f","0","unknown",,"file:///mnt/nas/ootd-data/users/fc069edc-8a9b-52dc-a74f-59cf44ed568f/whites/bba038e9-8f32-4c77-9015-cf461c521df5_a1.png","succeeded","58af7b30-d6ae-40c0-9de6-3be6e88e3638","1","{""fit"": ""不适用"", ""type"": ""包"", ""color"": [""米色""], ""image"": """", ""style"": [""休闲"", ""度假"", ""极简""], ""season"": [""春"", ""夏"", ""秋""], ""warmth"": ""不适用"", ""category"": ""配件"", ""material"": ""仿皮与编织材质结合，手感略硬，挺括质感"", ""raw_type"": ""米色编织单肩包"", ""description"": ""米色编织单肩包，简约设计，仿皮与编织材质结合""}","succeeded","c706a6e9-a0c0-4d23-afa5-34d65185d514","1","ready","19/5/2026 10:09:42.312875+00","19/5/2026 10:16:32.14904+00"
"b318f2e1-1ccf-41c4-b230-5a8a4a6a34b7","4a582ca7-00a9-4990-90b7-3c1a0e479340","fc069edc-8a9b-52dc-a74f-59cf44ed568f","0","unknown",,"file:///mnt/nas/ootd-data/users/fc069edc-8a9b-52dc-a74f-59cf44ed568f/whites/b318f2e1-1ccf-41c4-b230-5a8a4a6a34b7_a1.png","succeeded","fd78f2c0-bdc3-4393-862c-2887225b32f7","1","{""fit"": ""不适用"", ""type"": ""包"", ""color"": [""焦糖棕""], ""image"": """", ""style"": [""极简"", ""通勤"", ""优雅""], ""season"": [""春"", ""秋"", ""冬""], ""warmth"": ""不适用"", ""category"": ""配件"", ""material"": ""仿麂皮质感面料，表面细腻柔软，包型挺括"", ""raw_type"": ""焦糖色翻盖手提包"", ""description"": ""焦糖色极简手提包，梯形包身搭配金属扣饰，仿麂皮质感""}","succeeded","8ac743d6-164d-4d17-b254-22d4110a166c","1","ready","19/5/2026 10:09:41.852461+00","19/5/2026 10:16:22.272405+00"
"dc81e1c6-a13a-4e67-8aca-30c102cc0f14","9911bb96-f50f-4e6d-8f65-85ab0472fc3a","fc069edc-8a9b-52dc-a74f-59cf44ed568f","0","unknown",,"file:///mnt/nas/ootd-data/users/fc069edc-8a9b-52dc-a74f-59cf44ed568f/whites/dc81e1c6-a13a-4e67-8aca-30c102cc0f14_a1.png","succeeded","d423dfc2-fcb6-4c58-90df-f972a466cd79","1","{""fit"": ""不适用"", ""type"": ""包"", ""color"": [""黑色""], ""image"": """", ""style"": [""街头"", ""休闲""], ""season"": [""春"", ""秋"", ""冬""], ""warmth"": ""不适用"", ""category"": ""配件"", ""material"": ""仿皮革，菱格绗缝，手感柔软略有光泽"", ""raw_type"": ""黑色菱格链条肩背包"", ""description"": ""黑色菱格链条肩背包，软质绗缝皮革，休闲街头风""}","succeeded","339874a3-25f7-4500-a225-2d919350317d","1","ready","19/5/2026 10:09:41.42895+00","19/5/2026 10:15:32.479728+00"
"2a48e269-275e-4b1d-8a63-2ae766c13a9e","5a08bd78-7729-4bb9-89dd-20206f93fed5","fc069edc-8a9b-52dc-a74f-59cf44ed568f","0","unknown",,"file:///mnt/nas/ootd-data/users/fc069edc-8a9b-52dc-a74f-59cf44ed568f/whites/2a48e269-275e-4b1d-8a63-2ae766c13a9e_a3.png","succeeded","b62fa3f2-3d4e-4414-8380-115eb790c8b1","3","{""fit"": ""不适用"", ""type"": ""包"", ""color"": [""黑色""], ""image"": """", ""style"": [""极简"", ""通勤""], ""season"": [""春"", ""夏"", ""秋""], ""warmth"": ""不适用"", ""category"": ""配件"", ""material"": ""PU革，光滑面料，轻微挺括感"", ""raw_type"": ""黑色手提拉链包"", ""description"": ""黑色手提拉链包，简约极简设计，PU革材质略挺括""}","succeeded","c4334fcf-9156-4a1a-bb79-bbb571b6f371","1","ready","19/5/2026 10:09:41.067705+00","19/5/2026 10:22:24.689983+00"
"f552ab3a-6bab-4740-a92d-b21118f3f39b","a7bdb5d3-4088-432e-b113-92b79383a8f5","fc069edc-8a9b-52dc-a74f-59cf44ed568f","0","unknown",,"file:///mnt/nas/ootd-data/users/fc069edc-8a9b-52dc-a74f-59cf44ed568f/whites/f552ab3a-6bab-4740-a92d-b21118f3f39b_a1.png","succeeded","eae1d796-491b-4978-844f-79ceea48aaf1","1","{""fit"": ""不适用"", ""type"": ""包"", ""color"": [""棕色"", ""金色""], ""image"": """", ""style"": [""复古"", ""通勤"", ""优雅""], ""season"": [""春"", ""秋"", ""冬""], ""warmth"": ""不适用"", ""category"": ""配件"", ""material"": ""仿皮革材质，表面细腻柔软，带金属铆钉装饰"", ""raw_type"": ""棕色铆钉手提包"", ""description"": ""棕色复古手提包，金属铆钉点缀，柔软皮质感""}","succeeded","a05eb9b7-5cda-4706-87ca-b485d0252ac9","1","ready","19/5/2026 10:09:40.712983+00","19/5/2026 10:15:54.153534+00"
"b9a970e9-118f-4008-9c22-43698c74d976","3d49e605-3961-4667-82e5-c175f8817c2f","fc069edc-8a9b-52dc-a74f-59cf44ed568f","0","unknown",,"file:///mnt/nas/ootd-data/users/fc069edc-8a9b-52dc-a74f-59cf44ed568f/whites/b9a970e9-118f-4008-9c22-43698c74d976_a3.png","succeeded","fff9e445-9de8-4ee1-a122-938a9580e99f","3","{""fit"": ""不适用"", ""type"": ""包"", ""color"": [""米白色""], ""image"": """", ""style"": [""通勤"", ""极简""], ""season"": [""春"", ""夏"", ""秋""], ""warmth"": ""不适用"", ""category"": ""配件"", ""material"": ""牛皮材质，细腻纹理，挺括手感"", ""raw_type"": ""米白色手提皮质小包"", ""description"": ""米白色手提皮质小包，简约设计，挺括牛皮材质""}","succeeded","785d09ab-d6c6-4c28-9d08-6388e2cd7b2a","1","ready","19/5/2026 10:09:40.394943+00","19/5/2026 10:21:24.961827+00"
"89105d87-68b0-4fb6-b5fd-79f6b4fc7c76","ade06aca-e274-4fbe-af28-2154c2d0fd4b","fc069edc-8a9b-52dc-a74f-59cf44ed568f","0","unknown",,"file:///mnt/nas/ootd-data/users/fc069edc-8a9b-52dc-a74f-59cf44ed568f/whites/89105d87-68b0-4fb6-b5fd-79f6b4fc7c76_a2.png","succeeded","13865a48-318e-40df-93d9-e66cfd74216e","2","{""fit"": ""不适用"", ""type"": ""包"", ""color"": [""浅黄""], ""image"": """", ""style"": [""极简"", ""韩系"", ""休闲""], ""season"": [""春"", ""夏"", ""秋""], ""warmth"": ""不适用"", ""category"": ""配件"", ""material"": ""荔枝纹皮革质感，结构挺括，小巧硬挺"", ""raw_type"": ""浅黄色迷你波士顿斜挎包"", ""description"": ""浅黄色迷你波士顿包，双提手配可调节肩带，荔枝纹皮革质感""}","succeeded","9fb4e733-8428-4b14-a7ac-171f7ec39d4b","1","ready","19/5/2026 10:09:40.08631+00","19/5/2026 10:18:46.42866+00"
"21179c12-eca0-44ad-a672-676a0bcb1c8c","179b653f-a69c-484a-880b-c53e6f622423","fc069edc-8a9b-52dc-a74f-59cf44ed568f","0","unknown",,"file:///mnt/nas/ootd-data/users/fc069edc-8a9b-52dc-a74f-59cf44ed568f/whites/21179c12-eca0-44ad-a672-676a0bcb1c8c_a1.png","succeeded","f65e3613-6957-4222-81cc-c497cb9488b3","1","{""fit"": ""不适用"", ""type"": ""包"", ""color"": [""浅灰色""], ""image"": """", ""style"": [""极简"", ""通勤""], ""season"": [""春"", ""夏"", ""秋""], ""warmth"": ""不适用"", ""category"": ""配件"", ""material"": ""颗粒纹牛皮，挺括手感"", ""raw_type"": ""浅灰色皮质手提包"", ""description"": ""浅灰色颗粒纹皮质手提包，简约设计，通勤百搭""}","succeeded","861bf1e2-c164-4b2a-b628-d2704ae6bdb7","1","ready","19/5/2026 10:09:39.836632+00","19/5/2026 10:17:02.269279+00"
"83c41cd2-0801-45e2-a201-9e11abab3870","454050a9-aed4-40ce-a5e2-0d8cdc0fbc74","fc069edc-8a9b-52dc-a74f-59cf44ed568f","0","unknown",,"file:///mnt/nas/ootd-data/users/fc069edc-8a9b-52dc-a74f-59cf44ed568f/whites/83c41cd2-0801-45e2-a201-9e11abab3870_a2.png","succeeded","88073851-8ea0-4b0f-87fa-d20abf65755f","2","{""fit"": ""不适用"", ""type"": ""包"", ""color"": [""米白"", ""深棕""], ""image"": """", ""style"": [""极简"", ""通勤"", ""休闲""], ""season"": [""春"", ""夏"", ""秋""], ""warmth"": ""不适用"", ""category"": ""配件"", ""material"": ""粗织帆布面料，皮革包边，整体挺括有结构感"", ""raw_type"": ""米白色帆布手提包"", ""description"": ""米白色粗织帆布手提包，深棕皮革提手，整体简约挺括""}","succeeded","9db6be3f-f13f-471f-ae4a-6662fd456e08","1","ready","19/5/2026 10:09:39.462702+00","19/5/2026 10:20:41.43866+00"
"7fea5b6f-f0fd-4f9c-980a-27440617aa93","5da8deee-0ea9-4b62-bc0e-72e5fceeda68","fc069edc-8a9b-52dc-a74f-59cf44ed568f","0","unknown",,"file:///mnt/nas/ootd-data/users/fc069edc-8a9b-52dc-a74f-59cf44ed568f/whites/7fea5b6f-f0fd-4f9c-980a-27440617aa93_a1.png","succeeded","a1eb3410-6228-45bc-ab86-8fc0fc6e2e17","1","{""fit"": ""不适用"", ""type"": ""包"", ""color"": [""奶油黄""], ""image"": """", ""style"": [""甜美"", ""韩系"", ""休闲""], ""season"": [""春"", ""夏"", ""秋""], ""warmth"": ""不适用"", ""category"": ""配件"", ""material"": ""绗缝仿皮面料，柔软蓬松，带轻微光泽"", ""raw_type"": ""奶油黄色菱格腋下包"", ""description"": ""奶油黄色绗缝腋下包，圆弧包型，菱格纹设计柔软蓬松""}","succeeded","34f750a0-2bf3-4068-8113-3bbc8b95f2a2","1","ready","19/5/2026 10:09:38.834028+00","19/5/2026 10:16:43.551498+00"
"0649a7d2-9b2e-4ea9-9094-5e23b4eac5ce","83e5303b-e3ab-49be-a45a-6cb6bd15eb0a","fc069edc-8a9b-52dc-a74f-59cf44ed568f","0","unknown",,"file:///mnt/nas/ootd-data/users/fc069edc-8a9b-52dc-a74f-59cf44ed568f/whites/0649a7d2-9b2e-4ea9-9094-5e23b4eac5ce_a1.png","succeeded","a44645b5-c197-4bdb-a958-adc54ae1d0d5","1","{""fit"": ""不适用"", ""type"": ""包"", ""color"": [""白底黑色波点""], ""image"": """", ""style"": [""休闲"", ""法式""], ""season"": [""春"", ""夏""], ""warmth"": ""不适用"", ""category"": ""配件"", ""material"": ""帆布面料，轻薄挺括，手感顺滑"", ""raw_type"": ""米白色黑色波点手提包"", ""description"": ""米白底黑色波点手提包，帆布材质，轻薄挺括休闲风""}","succeeded","9c0fa8a8-dee1-4ebc-b9ee-27730b905ce8","1","ready","19/5/2026 10:09:38.484476+00","19/5/2026 10:13:45.690562+00"
"6979245f-73ca-4bf5-8901-5ddb56a0619f","1bd52f92-c227-4377-ac0c-0358532d4fb0","fc069edc-8a9b-52dc-a74f-59cf44ed568f","0","unknown",,"file:///mnt/nas/ootd-data/users/fc069edc-8a9b-52dc-a74f-59cf44ed568f/whites/6979245f-73ca-4bf5-8901-5ddb56a0619f_a1.png","succeeded","9995d801-fe7a-4c5f-bc91-07f20904121d","1","{""fit"": ""不适用"", ""type"": ""包"", ""color"": [""米白""], ""image"": """", ""style"": [""韩系"", ""甜美"", ""休闲""], ""season"": [""秋"", ""冬""], ""warmth"": ""不适用"", ""category"": ""配件"", ""material"": ""羊羔绒质感面料，毛绒蓬松，触感柔软"", ""raw_type"": ""米白色羊羔绒手提包"", ""description"": ""米白色羊羔绒手提包，短肩带设计，整体蓬松柔软""}","succeeded","aeabd078-98d0-456c-a74c-ff086b342ac9","1","ready","19/5/2026 10:09:38.132445+00","19/5/2026 10:13:22.155056+00"
"2d5ed627-3713-406c-9a8f-cfff4e0e0e9a","3d700cfd-4798-48e6-acea-34664ac3902c","fc069edc-8a9b-52dc-a74f-59cf44ed568f","0","unknown",,"file:///mnt/nas/ootd-data/users/fc069edc-8a9b-52dc-a74f-59cf44ed568f/whites/2d5ed627-3713-406c-9a8f-cfff4e0e0e9a_a1.png","succeeded","bf14b0bf-d2fc-49d3-94cc-d726f6fe4587","1","{""fit"": ""不适用"", ""type"": ""包"", ""color"": [""橄榄绿""], ""image"": """", ""style"": [""韩系"", ""休闲"", ""极简""], ""season"": [""春"", ""夏"", ""秋""], ""warmth"": ""不适用"", ""category"": ""配件"", ""material"": ""仿皮革编织纹理，柔软包身，带轻微光泽"", ""raw_type"": ""绿色编织腋下包"", ""description"": ""橄榄绿色编织腋下包，柔软包身，手工编织纹理明显""}","succeeded","217dbba3-e68c-4b51-9f0b-0b0b34281030","1","ready","19/5/2026 10:09:35.692531+00","19/5/2026 10:13:04.838526+00"
"e581eb99-dbfb-46e0-b066-3fef051ff0e7","7af10898-314b-4f10-8082-59c61e08fd21","fc069edc-8a9b-52dc-a74f-59cf44ed568f","0","unknown",,"file:///mnt/nas/ootd-data/users/fc069edc-8a9b-52dc-a74f-59cf44ed568f/whites/e581eb99-dbfb-46e0-b066-3fef051ff0e7_a1.png","succeeded","2a211ec6-0e3f-45a9-b883-3a97e088fe6c","1","{""fit"": ""不适用"", ""type"": ""包"", ""color"": [""灰色""], ""image"": """", ""style"": [""休闲"", ""极简""], ""season"": [""春"", ""夏"", ""秋""], ""warmth"": ""不适用"", ""category"": ""配件"", ""material"": ""纱线编织，手感略硬，结构感明显"", ""raw_type"": ""灰色编织单肩包"", ""description"": ""灰色编织单肩包，简约休闲，纱线材质有结构感""}","succeeded","ee43f372-375b-4adc-b7e2-a3eac8b12252","1","ready","19/5/2026 10:09:35.003176+00","19/5/2026 10:12:43.648052+00"
"d730464e-246a-4929-b857-e5af8e5f603f","9dcdc0b1-4574-481a-9941-5fe1b32d95e3","fc069edc-8a9b-52dc-a74f-59cf44ed568f","0","unknown",,"file:///mnt/nas/ootd-data/users/fc069edc-8a9b-52dc-a74f-59cf44ed568f/whites/d730464e-246a-4929-b857-e5af8e5f603f_a1.png","succeeded","d729cf8b-db2e-4eac-82ee-ff807490330b","1","{""fit"": ""不适用"", ""type"": ""包"", ""color"": [""黑色""], ""image"": """", ""style"": [""极简"", ""休闲"", ""通勤""], ""season"": [""春"", ""夏"", ""秋"", ""冬""], ""warmth"": ""不适用"", ""category"": ""配件"", ""material"": ""柔软麂皮质感面料，垂坠感强，简约无结构廓形"", ""raw_type"": ""黑色极简单肩托特包"", ""description"": ""黑色大容量单肩托特包，流线水滴廓形，柔软垂坠质感""}","succeeded","01026f48-9c9b-42f4-8d76-178ea2dc8600","1","ready","19/5/2026 10:09:34.461376+00","19/5/2026 10:12:29.864724+00"
